metroreg,year,density,density*
AT,2016,106,
AT,2013,103,
AT001MC,2016,328,
AT001MC,2013,313,
AT001MC,2012,313,
AT001MC,2011,310,
AT001MC,2010,308,
AT001MC,2009,306,
AT001MC,2008,304,
AT001MC,2007,302,
AT001MC,2006,300,
AT001MC,2005,297,
AT001MC,2003,290,
AT001MC,2002,287,
AT001MC,2000,280,
AT001MC,1998,278.7,
AT001MC,1997,278.3,
AT001MC,1996,277.8,
AT001MC,1995,277.3,
AT001MC,1994,277.3,
AT001MC,1993,276.3,
AT001MC,1992,273.7,
AT001MC,1991,270.3,
AT002M,2016,182,
AT002M,2013,175,
AT002M,2012,175,
AT002M,2011,174,
AT002M,2010,172,
AT002M,2009,171,
AT002M,2008,171,
AT002M,2007,170,
AT002M,2006,168,
AT002M,2005,167,
AT002M,2003,164,
AT002M,2002,163,
AT002M,2000,159,
AT002M,1998,160.1,
AT002M,1997,159.9,
AT002M,1996,159.9,
AT002M,1995,159.8,
AT002M,1994,159.6,
AT002M,1993,159.4,
AT002M,1992,158.6,
AT002M,1991,157.5,
AT003M,2016,182,
AT003M,2013,176,
AT003M,2012,175,
AT003M,2011,174,
AT003M,2010,174,
AT003M,2009,173,
AT003M,2008,173,
AT003M,2007,173,
AT003M,2006,172,
AT003M,2005,171,
AT003M,2003,169,
AT003M,2002,168,
AT003M,2000,167,
AT003M,1998,166.5,
AT003M,1997,166.5,
AT003M,1996,166.4,
AT003M,1995,166.3,
AT003M,1994,166.1,
AT003M,1993,165.3,
AT003M,1992,163.8,
AT003M,1991,161.8,
AT004M,2016,214,
AT004M,2013,207,
AT004M,2012,206,
AT004M,2011,205,
AT004M,2010,204,
AT004M,2009,203,
AT004M,2008,203,
AT004M,2007,203,
AT004M,2006,202,
AT004M,2005,201,
AT004M,2003,199,
AT004M,2002,198,
AT004M,2000,196,
AT004M,1998,196.0,
AT004M,1997,196.0,
AT004M,1996,195.7,
AT004M,1995,195.2,
AT004M,1994,194.5,
AT004M,1993,193.1,
AT004M,1992,190.4,
AT004M,1991,187.1,
AT005M,2016,148,
AT005M,2013,141,
AT005M,2012,139,
AT005M,2011,137,
AT005M,2010,136,
AT005M,2009,136,
AT005M,2008,135,
AT005M,2007,134,
AT005M,2006,133,
AT005M,2005,132,
AT005M,2003,130,
AT005M,2002,129,
AT005M,2000,131,
AT005M,1998,128.0,
AT005M,1997,127.8,
AT005M,1996,127.4,
AT005M,1995,127.1,
AT005M,1994,127.1,
AT005M,1993,126.5,
AT005M,1992,125.6,
AT005M,1991,124.4,
AT_NM,2016,62,
AT_NM,2013,61,
AT_NM,2012,61,
AT_NM,2011,61,
AT_NM,2010,61,
AT_NM,2009,61,
AT_NM,2008,61,
AT_NM,2007,61,
AT_NM,2006,61,
AT_NM,2005,61,
AT_NM,2003,60,
AT_NM,2002,60,
AT_NM,2000,60,
BE,2016,371,
BE,2013,365,
BE001MC,2016,933,
BE001MC,2013,911,
BE001MC,2012,909,
BE001MC,2011,899,
BE001MC,2010,888,
BE001MC,2009,872,
BE001MC,2008,861,
BE001MC,2007,850,
BE001MC,2006,841,
BE001MC,2005,833,
BE001MC,2004,826,
BE001MC,2003,821,
BE001MC,1999,674.0,
BE001MC,1998,673.1,
BE001MC,1997,670.7,
BE001MC,1996,668.1,
BE001MC,1995,666.2,
BE001MC,1994,664.1,
BE001MC,1993,661.3,
BE001MC,1992,659.0,
BE001MC,1991,657.5,
BE001MC,1990,655.9,
BE002M,2016,1080,
BE002M,2013,1062,
BE002M,2012,1060,
BE002M,2011,1049,
BE002M,2010,1000,
BE002M,2009,1028,
BE002M,2008,1021,
BE002M,2007,1012,
BE002M,2006,1004,
BE002M,2005,998,
BE002M,2004,993,
BE002M,2003,988,
BE002M,1999,976.3,
BE002M,1998,977.1,
BE002M,1997,977.4,
BE002M,1996,978.1,
BE002M,1995,978.2,
BE002M,1994,978.6,
BE002M,1993,978.0,
BE002M,1992,975.1,
BE002M,1991,971.6,
BE002M,1990,968.9,
BE003M,2016,499,
BE003M,2013,489,
BE003M,2012,489,
BE003M,2011,488,
BE003M,2010,483,
BE003M,2009,479,
BE003M,2008,474,
BE003M,2007,471,
BE003M,2006,467,
BE003M,2005,464,
BE003M,2004,461,
BE003M,2003,459,
BE003M,1999,453.3,
BE003M,1998,452.9,
BE003M,1997,452.2,
BE003M,1996,451.5,
BE003M,1995,450.8,
BE003M,1994,450.2,
BE003M,1993,449.7,
BE003M,1992,448.9,
BE003M,1991,447.8,
BE003M,1990,446.5,
BE004M,2016,770,
BE004M,2013,769,
BE004M,2012,773,
BE004M,2011,771,
BE004M,2010,770,
BE004M,2009,766,
BE004M,2008,764,
BE004M,2007,762,
BE004M,2006,760,
BE004M,2005,760,
BE004M,2004,759,
BE004M,2003,759,
BE004M,1999,263.4,
BE004M,1998,263.9,
BE004M,1997,264.4,
BE004M,1996,264.7,
BE004M,1995,264.9,
BE004M,1994,265.1,
BE004M,1993,265.0,
BE004M,1992,264.5,
BE004M,1991,263.8,
BE004M,1990,263.2,
BE005M,2016,597,
BE005M,2013,591,
BE005M,2012,588,
BE005M,2011,585,
BE005M,2010,576,
BE005M,2009,575,
BE005M,2008,571,
BE005M,2007,569,
BE005M,2006,565,
BE005M,2005,562,
BE005M,2004,559,
BE005M,2003,557,
BE005M,1999,411.2,
BE005M,1998,410.9,
BE005M,1997,410.7,
BE005M,1996,410.4,
BE005M,1995,410.9,
BE005M,1994,411.7,
BE005M,1993,411.6,
BE005M,1992,410.2,
BE005M,1991,408.3,
BE005M,1990,407.1,
BE_NM,2016,252,
BE_NM,2013,249,
BE_NM,2012,249,
BE_NM,2011,247,
BE_NM,2010,246,
BG,2016,65,
BG,2013,66,
BG001MC,2016,157,
BG001MC,2013,156,
BG001MC,2012,158,
BG001MC,2011,158,b
BG001MC,2010,151,
BG001MC,2009,149,
BG001MC,2008,149,
BG001MC,2007,149,
BG001MC,2006,149,
BG001MC,2005,149,
BG001MC,2004,149,
BG001MC,2003,148,
BG001MC,2002,148,
BG001MC,2001,149,
BG001MC,2000,151,
BG001MC,1999,150.4,
BG001MC,1998,150.1,
BG001MC,1997,151.9,
BG001MC,1996,151.6,
BG001MC,1995,141.8,
BG001MC,1994,142.1,
BG001MC,1993,142.4,
BG001MC,1992,143.3,
BG001MC,1991,144.8,
BG002M,2016,114,
BG002M,2013,115,
BG002M,2012,118,
BG002M,2011,118,b
BG002M,2010,118,
BG002M,2009,116,
BG002M,2008,116,
BG002M,2007,116,
BG002M,2006,117,
BG002M,2005,117,
BG002M,2004,118,
BG002M,2003,118,
BG002M,2002,119,
BG002M,2001,121,
BG002M,2000,122,
BG002M,1999,122.3,
BG002M,1998,121.5,
BG002M,1997,121.5,
BG002M,1996,122.2,
BG002M,1995,119.4,
BG002M,1994,119.6,
BG002M,1993,119.4,
BG002M,1992,119.9,
BG002M,1991,121.0,
BG003M,2016,125,
BG003M,2013,125,
BG003M,2012,126,
BG003M,2011,127,b
BG003M,2010,122,
BG003M,2009,119,
BG003M,2008,119,
BG003M,2007,118,
BG003M,2006,118,
BG003M,2005,119,
BG003M,2004,119,
BG003M,2003,119,
BG003M,2002,120,
BG003M,2001,122,
BG003M,2000,115,
BG003M,1999,115.9,
BG003M,1998,116.7,
BG003M,1997,117.0,
BG003M,1996,117.6,
BG003M,1995,118.4,
BG003M,1994,119.6,
BG003M,1993,120.5,
BG003M,1992,120.8,
BG003M,1991,120.7,
BG004M,2016,54,
BG004M,2013,54,
BG004M,2012,55,
BG004M,2011,55,b
BG004M,2010,55,
BG004M,2009,53,
BG004M,2008,53,
BG004M,2007,53,
BG004M,2006,53,
BG004M,2005,53,
BG004M,2004,54,
BG004M,2003,54,
BG004M,2002,54,
BG004M,2001,55,
BG004M,2000,55,
BG_NM,2016,47,
BG_NM,2013,49,
BG_NM,2012,50,
BG_NM,2011,50,b
BG_NM,2010,52,
BG_NM,2009,52,
BG_NM,2008,52,
BG_NM,2007,53,
BG_NM,2006,54,
BG_NM,2005,54,
BG_NM,2004,55,
BG_NM,2003,56,
BG_NM,2002,56,
BG_NM,2001,58,
BG_NM,2000,60,
CH001M,1999,718.3,
CH001M,1998,713.2,
CH001M,1997,710.6,
CH001M,1996,708.7,
CH001M,1995,705.6,
CH001M,1994,701.6,
CH001M,1993,698.5,
CH001M,1992,695.3,
CH001M,1991,690.9,
CH001M,1990,688.8,
CH002M,1999,1632.5,
CH002M,1998,1619.4,
CH002M,1997,1610.6,
CH002M,1996,1608.2,
CH002M,1995,1602.3,
CH002M,1994,1586.3,
CH002M,1993,1570.4,
CH002M,1992,1557.7,
CH002M,1991,1547.0,
CH002M,1990,1530.0,
CH003M,1999,486.8,
CH003M,1998,486.6,
CH003M,1997,486.6,
CH004MC,1999,161.3,
CH004MC,1998,160.9,
CH004MC,1997,160.8,
CH004MC,1996,161.1,
CH004MC,1995,161.2,
CH004MC,1994,161.2,
CH004MC,1993,159.7,
CH004MC,1992,160.4,
CH004MC,1991,159.5,
CH004MC,1990,158.4,
CH005M,1999,217.5,
CH005M,1998,216.1,
CH005M,1997,215.2,
CH005M,1996,214.7,
CH005M,1995,213.9,
CH005M,1994,212.4,
CH005M,1993,210.8,
CH005M,1992,209.1,
CH005M,1991,206.4,
CH005M,1990,203.6,
CY,2016,92,
CY,2013,94,
CY001MC,2016,92,
CY001MC,2013,94,
CY001MC,2012,94,
CY001MC,2011,92,
CY001MC,2010,90,
CY001MC,2009,88,
CY001MC,2008,85,
CY001MC,2007,83,
CY001MC,2006,81,
CY001MC,2005,80,
CY001MC,2004,79,
CY001MC,2003,78,
CY001MC,2002,77,
CY001MC,2001,76,
CY001MC,2000,75,
CY001MC,1999,74.2,
CY001MC,1998,73.4,
CY001MC,1997,72.5,
CY001MC,1996,71.5,
CY001MC,1995,70.4,
CY001MC,1994,69.1,
CY001MC,1993,67.7,
CY001MC,1992,66.1,
CY001MC,1991,64.3,
CY001MC,1990,62.7,
CZ,2016,137,
CZ,2013,136,
CZ001MC,2016,233,
CZ001MC,2013,227,
CZ001MC,2012,224,
CZ001MC,2011,222,
CZ001MC,2010,222,
CZ001MC,2009,220,
CZ001MC,2008,216,
CZ001MC,2007,211,
CZ001MC,2006,208,
CZ001MC,2005,206,
CZ001MC,2004,204,
CZ001MC,2003,203,
CZ001MC,2002,202,
CZ001MC,2001,203,
CZ001MC,2000,203,
CZ001MC,1999,203.6,
CZ001MC,1998,204.0,
CZ001MC,1997,204.4,
CZ001MC,1996,204.9,
CZ001MC,1995,205.5,
CZ001MC,1994,205.9,
CZ001MC,1993,206.1,
CZ001MC,1992,206.1,
CZ002M,2016,167,
CZ002M,2013,166,
CZ002M,2012,166,
CZ002M,2011,165,
CZ002M,2010,164,
CZ002M,2009,163,
CZ002M,2008,162,
CZ002M,2007,161,
CZ002M,2006,161,
CZ002M,2005,160,
CZ002M,2004,162,
CZ002M,2003,162,
CZ002M,2002,162,
CZ002M,2001,163,
CZ002M,2000,164,
CZ003M,2016,228,
CZ003M,2013,230,
CZ003M,2012,231,
CZ003M,2011,232,
CZ003M,2010,234,
CZ003M,2009,235,
CZ003M,2008,235,
CZ003M,2007,235,
CZ003M,2006,235,
CZ003M,2005,236,
CZ003M,2004,232,
CZ003M,2003,233,
CZ003M,2002,232,
CZ003M,2001,233,
CZ003M,2000,235,
CZ003M,1999,235.7,
CZ003M,1998,236.2,
CZ003M,1997,236.4,
CZ003M,1996,236.7,
CZ003M,1995,234.0,
CZ003M,1994,233.2,
CZ003M,1993,233.0,
CZ003M,1992,231.7,
CZ004M,2016,77,
CZ004M,2013,76,
CZ004M,2012,77,
CZ004M,2011,77,
CZ004M,2010,77,
CZ004M,2009,77,
CZ004M,2008,76,
CZ004M,2007,75,
CZ004M,2006,74,
CZ004M,2005,74,
CZ004M,2004,74,
CZ004M,2003,74,
CZ004M,2002,74,
CZ004M,2001,74,
CZ004M,2000,74,
CZ004M,1999,74.1,
CZ004M,1998,74.2,
CZ004M,1997,74.4,
CZ004M,1996,74.5,
CZ004M,1995,74.7,
CZ004M,1994,74.8,
CZ004M,1993,74.8,
CZ004M,1992,74.8,
CZ007M,2012,141,
CZ007M,2011,141,
CZ007M,2010,141,
CZ007M,2009,141,
CZ007M,2008,140,
CZ007M,2007,139,
CZ007M,2006,138,
CZ007M,2005,137,
CZ007M,2004,137,
CZ007M,2003,137,
CZ007M,2002,137,
CZ007M,2001,137,
CZ007M,2000,138,
CZ_NM,2016,108,
CZ_NM,2013,116,
CZ_NM,2012,106,
CZ_NM,2011,106,
CZ_NM,2010,107,
CZ_NM,2009,107,
CZ_NM,2008,107,
CZ_NM,2007,106,
CZ_NM,2006,106,
CZ_NM,2005,106,
CZ_NM,2004,106,
CZ_NM,2003,106,
CZ_NM,2002,106,
CZ_NM,2001,106,
CZ_NM,2000,106,
DE,2016,233,
DE,2013,228,e
DE001MC,2016,303,
DE001MC,2013,291,e
DE001MC,2012,283,
DE001MC,2011,280,b
DE001MC,2010,279,
DE001MC,2009,278,
DE001MC,2008,278,
DE001MC,2007,278,
DE001MC,2006,278,
DE001MC,2005,278,
DE001MC,2004,278,
DE001MC,2003,278,
DE001MC,2002,278,
DE001MC,2001,278,
DE001MC,2000,278,
DE001MC,1999,282.5,
DE001MC,1998,281.9,
DE001MC,1997,281.9,
DE002M,2016,460,
DE002M,2013,446,e
DE002M,2012,430,
DE002M,2011,427,b
DE002M,2010,425,
DE002M,2009,424,
DE002M,2008,425,
DE002M,2007,424,
DE002M,2006,422,
DE002M,2005,420,
DE002M,2004,420,
DE002M,2003,419,
DE002M,2002,418,
DE002M,2001,416,
DE002M,2000,414,
DE002M,1999,417.3,
DE002M,1998,415.5,
DE002M,1997,414.3,
DE003M,2016,533,
DE003M,2013,512,e
DE003M,2012,493,
DE003M,2011,485,b
DE003M,2010,479,
DE003M,2009,475,
DE003M,2008,473,
DE003M,2007,468,
DE003M,2006,462,
DE003M,2005,457,
DE003M,2004,455,
DE003M,2003,452,
DE003M,2002,449,
DE003M,2001,444,
DE003M,2000,438,
DE003M,1999,435.8,
DE003M,1998,434.1,
DE003M,1997,435.3,
DE004M,2016,1240,
DE004M,2013,1205,e
DE004M,2012,1175,
DE004M,2011,1167,b
DE004M,2010,1160,
DE004M,2009,1158,
DE004M,2008,1158,
DE004M,2007,1157,
DE004M,2006,1154,
DE004M,2005,1147,
DE004M,2004,1143,
DE004M,2003,1142,
DE004M,2002,1141,
DE004M,2001,1138,
DE004M,2000,1134,
DE004M,1999,1137.3,
DE004M,1998,1135.8,
DE004M,1997,1134.3,
DE005M,2016,622,
DE005M,2013,598,e
DE005M,2012,589,
DE005M,2011,584,b
DE005M,2010,580,
DE005M,2009,578,
DE005M,2008,577,
DE005M,2007,577,
DE005M,2006,576,
DE005M,2005,577,
DE005M,2004,576,
DE005M,2003,576,
DE005M,2002,575,
DE005M,2001,574,
DE005M,2000,572,
DE005M,1999,575.0,
DE005M,1998,573.4,
DE005M,1997,572.7,
DE007M,2016,753,
DE007M,2013,728,e
DE007M,2012,722,
DE007M,2011,717,b
DE007M,2010,715,
DE007M,2009,715,
DE007M,2008,716,
DE007M,2007,716,
DE007M,2006,716,
DE007M,2005,716,
DE007M,2004,715,
DE007M,2003,714,
DE007M,2002,712,
DE007M,2001,708,
DE007M,2000,704,
DE007M,1999,710.0,
DE007M,1998,707.2,
DE007M,1997,706.0,
DE008M,2016,262,
DE008M,2013,252,e
DE008M,2012,246,
DE008M,2011,244,b
DE009M,2016,235,
DE009M,2013,233,e
DE009M,2012,227,
DE009M,2011,227,b
DE011M,2016,1315,
DE011M,2013,1288,e
DE011M,2012,1256,
DE011M,2011,1252,b
DE011M,2010,1250,
DE011M,2009,1252,
DE011M,2008,1254,
DE011M,2007,1254,
DE011M,2006,1254,
DE011M,2005,1255,
DE011M,2004,1256,
DE011M,2003,1257,
DE011M,2002,1259,
DE011M,2001,1257,
DE011M,2000,1255,
DE011M,1999,1264.1,
DE011M,1998,1263.5,
DE011M,1997,1263.1,
DE012M,2016,216,
DE012M,2013,211,e
DE012M,2012,210,
DE012M,2011,209,b
DE012M,2010,209,
DE012M,2009,210,
DE012M,2008,210,
DE012M,2007,210,
DE012M,2006,211,
DE012M,2005,211,
DE012M,2004,210,
DE012M,2003,210,
DE012M,2002,210,
DE012M,2001,209,
DE012M,2000,208,
DE012M,1999,208.6,
DE012M,1998,208.3,
DE012M,1997,208.0,
DE013M,2016,444,
DE013M,2013,433,e
DE013M,2012,427,
DE013M,2011,425,b
DE013M,2010,425,
DE013M,2009,425,
DE013M,2008,426,
DE013M,2007,426,
DE013M,2006,427,
DE013M,2005,428,
DE013M,2004,428,
DE013M,2003,429,
DE013M,2002,428,
DE013M,2001,428,
DE013M,2000,427,
DE013M,1999,431.0,
DE013M,1998,430.9,
DE013M,1997,430.9,
DE014M,2016,455,
DE014M,2013,443,e
DE014M,2012,438,
DE014M,2011,434,b
DE014M,2010,433,
DE014M,2009,433,
DE014M,2008,433,
DE014M,2007,433,
DE014M,2006,433,
DE014M,2005,432,
DE014M,2004,432,
DE014M,2003,432,
DE014M,2002,431,
DE014M,2001,429,
DE014M,2000,428,
DE014M,1999,431.5,
DE014M,1998,431.1,
DE014M,1997,430.9,
DE017M,2016,1287,
DE017M,2013,1269,e
DE017M,2012,1272,
DE017M,2011,1268,b
DE017M,2010,1268,
DE017M,2009,1268,
DE017M,2008,1272,
DE017M,2007,1276,
DE017M,2006,1276,
DE017M,2005,1280,
DE017M,2004,1284,
DE017M,2003,1276,
DE017M,2002,1265,
DE017M,2001,1261,
DE017M,2000,1253,
DE017M,1999,438.7,
DE017M,1998,437.6,
DE017M,1997,436.3,
DE018M,2016,276,
DE018M,2013,273,e
DE018M,2012,268,
DE018M,2011,269,b
DE018M,2010,270,
DE018M,2009,272,
DE018M,2008,274,
DE018M,2007,276,
DE018M,2006,279,
DE018M,2005,281,
DE018M,2004,284,
DE018M,2003,286,
DE018M,2002,288,
DE018M,2001,292,
DE018M,2000,297,
DE018M,1998,306.5,
DE018M,1997,310.0,
DE019M,2016,122,
DE019M,2013,120,e
DE019M,2012,120,
DE019M,2011,120,b
DE019M,2010,121,
DE019M,2009,121,
DE019M,2008,122,
DE019M,2007,123,
DE020M,2016,462,
DE020M,2013,455,e
DE020M,2012,446,
DE020M,2011,443,b
DE020M,2010,443,
DE020M,2009,444,
DE020M,2008,443,
DE020M,2007,444,
DE020M,2006,445,
DE020M,2005,445,
DE020M,2004,445,
DE020M,2003,444,
DE020M,2002,444,
DE020M,2001,442,
DE020M,2000,442,
DE020M,1999,445.1,
DE020M,1998,444.1,
DE020M,1997,444.1,
DE021M,2016,153,
DE021M,2013,192,e
DE021M,2012,161,
DE021M,2011,161,b
DE021M,2010,163,
DE021M,2009,164,
DE021M,2008,165,
DE021M,2007,166,
DE021M,2006,167,
DE021M,2005,168,
DE021M,2004,169,
DE021M,2003,170,
DE021M,2002,171,
DE021M,2001,172,
DE021M,2000,173,
DE021M,1999,175.4,
DE021M,1998,176.1,
DE021M,1997,176.6,
DE025M,2016,577,
DE025M,2013,556,e
DE025M,2012,552,
DE025M,2011,547,b
DE025M,2010,543,
DE025M,2009,542,
DE025M,2008,541,
DE025M,2007,542,
DE025M,2006,542,
DE025M,2005,543,
DE025M,2004,543,
DE025M,2003,542,
DE025M,2002,541,
DE025M,2001,539,
DE025M,2000,537,
DE025M,1999,540.5,
DE025M,1998,538.5,
DE025M,1997,537.7,
DE027M,2016,295,
DE027M,2013,285,e
DE027M,2012,280,
DE027M,2011,278,b
DE027M,2010,275,
DE027M,2009,275,
DE027M,2008,274,
DE027M,2007,274,
DE027M,2006,274,
DE027M,2005,273,
DE027M,2004,272,
DE027M,2003,270,
DE027M,2002,268,
DE027M,2001,266,
DE027M,2000,264,
DE027M,1999,266.5,
DE027M,1998,264.9,
DE027M,1997,263.6,
DE028M,2016,181,
DE028M,2013,174,e
DE028M,2012,171,
DE028M,2011,170,b
DE028M,2010,169,
DE028M,2009,169,
DE028M,2008,168,
DE028M,2007,168,
DE028M,2006,167,
DE028M,2005,166,
DE028M,2004,166,
DE028M,2003,165,
DE028M,2002,164,
DE028M,2001,162,
DE028M,2000,160,
DE028M,1999,159.8,
DE028M,1998,158.6,
DE028M,1997,157.7,
DE031M,2016,65,
DE031M,2013,64,e
DE031M,1999,70.7,
DE031M,1998,71.0,
DE031M,1997,71.1,
DE032M,2016,185,
DE032M,2013,183,e
DE032M,2012,182,
DE032M,2011,182,b
DE032M,2010,182,
DE032M,2009,183,
DE032M,2008,184,
DE032M,2007,185,
DE032M,2006,187,
DE032M,2005,188,
DE032M,2004,189,
DE032M,2003,190,
DE032M,2002,190,
DE032M,2001,191,
DE032M,2000,192,
DE032M,1999,195.0,
DE032M,1998,195.9,
DE032M,1997,196.8,
DE033M,2016,334,
DE033M,2013,322,e
DE033M,2012,318,
DE033M,2011,316,b
DE033M,2010,315,
DE033M,2009,315,
DE033M,2008,315,
DE033M,2007,315,
DE033M,2006,315,
DE033M,2005,315,
DE033M,2004,314,
DE033M,2003,312,
DE033M,2002,311,
DE033M,2001,309,
DE033M,2000,306,
DE033M,1999,305.2,
DE033M,1998,304.3,
DE033M,1997,303.8,
DE034M,2016,717,
DE034M,2013,697,e
DE034M,2012,687,
DE034M,2011,684,b
DE034M,2010,680,
DE034M,2009,679,
DE034M,2008,679,
DE034M,2007,680,
DE034M,2006,680,
DE034M,2005,679,
DE034M,2004,678,
DE034M,2003,676,
DE034M,2002,671,
DE034M,2001,666,
DE034M,2000,661,
DE034M,1999,673.8,
DE034M,1998,670.1,
DE034M,1997,664.0,
DE035M,2016,604,
DE035M,2013,587,e
DE035M,2012,572,
DE035M,2011,568,b
DE035M,2010,566,
DE035M,2009,564,
DE035M,2008,563,
DE035M,2007,562,
DE035M,2006,559,
DE035M,2005,559,
DE035M,2004,557,
DE035M,2003,555,
DE035M,2002,553,
DE035M,2001,550,
DE035M,2000,547,
DE035M,1999,549.6,
DE035M,1998,547.1,
DE035M,1997,545.5,
DE036M,2016,1532,
DE036M,2013,1502,e
DE036M,2012,1496,
DE036M,2011,1496,b
DE036M,2010,1501,
DE036M,2009,1502,
DE036M,2008,1508,
DE036M,2007,1520,
DE036M,2006,1519,
DE036M,2005,1525,
DE036M,2004,1532,
DE036M,2003,1532,
DE036M,2002,1538,
DE036M,2001,1538,
DE036M,2000,1538,
DE036M,1999,1550.1,
DE036M,1998,1558.3,
DE036M,1997,1564.8,
DE037M,2016,613,
DE037M,2013,592,e
DE037M,2012,574,
DE037M,2011,570,b
DE037M,2010,567,
DE037M,2009,566,
DE037M,2008,566,
DE037M,2007,566,
DE037M,2006,561,
DE037M,2005,554,
DE037M,2004,546,
DE037M,2003,544,
DE037M,2002,543,
DE037M,2001,537,
DE037M,2000,534,
DE037M,1999,535.6,
DE037M,1998,536.0,
DE037M,1997,533.5,
DE038M,2016,1172,
DE038M,2013,1157,e
DE038M,2012,1139,
DE038M,2011,1141,b
DE038M,2010,1146,
DE038M,2009,1153,
DE038M,2008,1161,
DE038M,2007,1169,
DE038M,2006,1174,
DE038M,2005,1180,
DE038M,2004,1185,
DE038M,2003,1189,
DE038M,2002,1193,
DE038M,2001,1197,
DE038M,2000,1202,
DE038M,1999,1214.4,
DE038M,1998,1218.4,
DE038M,1997,1222.8,
DE039M,2016,199,
DE039M,2013,196,e
DE039M,2012,187,
DE039M,2011,187,b
DE039M,2010,187,
DE039M,2009,187,
DE039M,2008,188,
DE039M,2007,187,
DE039M,2006,188,
DE039M,2005,187,
DE039M,2004,187,
DE039M,2003,187,
DE039M,2002,187,
DE039M,2001,186,
DE039M,2000,186,
DE039M,1999,187.2,
DE039M,1998,187.2,
DE039M,1997,186.8,
DE040M,2016,523,
DE040M,2013,521,e
DE040M,2012,523,
DE040M,2011,526,b
DE040M,2010,528,
DE040M,2009,531,
DE040M,2008,536,
DE040M,2007,540,
DE040M,2006,544,
DE040M,2005,549,
DE040M,2004,552,
DE040M,2003,555,
DE040M,2002,557,
DE040M,2001,559,
DE040M,2000,561,
DE040M,1999,566.0,
DE040M,1998,568.7,
DE040M,1997,571.9,
DE042M,2016,359,
DE042M,2013,353,e
DE042M,2012,346,
DE042M,2011,345,b
DE042M,2010,346,
DE042M,2009,347,
DE042M,2008,347,
DE042M,2007,347,
DE042M,2006,348,
DE042M,2005,349,
DE042M,2004,349,
DE042M,2003,349,
DE042M,2002,349,
DE042M,2001,348,
DE042M,2000,346,
DE042M,1999,344.4,
DE042M,1998,344.0,
DE042M,1997,343.0,
DE043M,2016,118,
DE043M,2013,116,e
DE043M,1999,120.7,
DE043M,1998,121.3,
DE043M,1997,122.2,
DE044M,2016,203,
DE044M,2013,201,e
DE044M,2012,203,
DE044M,2011,239,b
DE044M,2010,205,
DE044M,2009,205,
DE044M,2008,205,
DE044M,2007,207,
DE044M,2006,208,
DE044M,2005,210,
DE044M,2004,211,
DE044M,2003,211,
DE044M,2002,212,
DE044M,2001,212,
DE044M,2000,213,
DE044M,1999,214.2,
DE044M,1998,214.8,
DE044M,1997,215.0,
DE045M,2016,393,
DE045M,2013,396,e
DE045M,2012,398,
DE045M,2011,400,b
DE045M,2010,403,
DE045M,2009,406,
DE045M,2008,411,
DE045M,2007,414,
DE045M,2006,417,
DE045M,2005,421,
DE045M,2004,424,
DE045M,2003,426,
DE045M,2002,428,
DE045M,2001,429,
DE045M,2000,431,
DE045M,1999,434.3,
DE045M,1998,434.5,
DE045M,1997,434.2,
DE052M,2016,134,
DE052M,2013,132,e
DE052M,2012,131,
DE052M,2011,131,b
DE052M,2010,131,
DE052M,2009,131,
DE052M,2008,131,
DE052M,2007,132,
DE052M,2006,131,
DE052M,2005,132,
DE052M,2004,132,
DE052M,2003,131,
DE052M,2002,131,
DE052M,2001,130,
DE052M,2000,130,
DE052M,1999,131.6,
DE052M,1998,131.0,
DE052M,1997,130.6,
DE053M,1999,200.6,
DE053M,1998,200.2,
DE053M,1997,199.9,
DE054M,2016,365,
DE054M,2013,353,e
DE054M,2012,329,
DE054M,2011,326,b
DE054M,2010,325,
DE054M,2009,324,
DE054M,2008,324,
DE054M,2007,324,
DE054M,2006,324,
DE054M,2005,324,
DE054M,2004,324,
DE054M,2003,323,
DE054M,2002,322,
DE054M,2001,319,
DE054M,2000,317,
DE054M,1999,322.7,
DE054M,1998,321.1,
DE054M,1997,319.3,
DE057M,2016,310,
DE057M,2013,297,e
DE057M,2012,296,
DE057M,2011,295,b
DE057M,2010,294,
DE057M,2009,294,
DE057M,2008,294,
DE057M,2007,295,
DE057M,2006,295,
DE057M,2005,296,
DE057M,2004,296,
DE057M,2003,296,
DE057M,2002,295,
DE057M,2001,294,
DE057M,2000,294,
DE057M,1999,296.0,
DE057M,1998,295.9,
DE057M,1997,296.0,
DE059M,2016,125,
DE059M,2013,125,e
DE059M,2012,125,
DE059M,2011,125,b
DE059M,2010,126,
DE059M,2009,126,
DE059M,2008,127,
DE059M,2007,128,
DE059M,2006,129,
DE059M,2005,130,
DE059M,2004,130,
DE059M,2003,130,
DE059M,2002,130,
DE059M,2001,131,
DE059M,2000,131,
DE059M,1999,130.9,
DE059M,1998,130.7,
DE059M,1997,130.5,
DE061M,2016,254,
DE061M,2013,252,e
DE061M,2012,249,
DE061M,2011,249,b
DE061M,2010,250,
DE061M,2009,250,
DE061M,2008,252,
DE061M,2007,252,
DE061M,2006,253,
DE061M,2005,254,
DE061M,2004,254,
DE061M,2003,254,
DE061M,2002,254,
DE061M,2001,252,
DE061M,2000,252,
DE061M,1999,250.9,
DE061M,1998,250.1,
DE061M,1997,249.1,
DE064M,2016,51,
DE064M,2013,51,e
DE064M,1999,56.9,
DE064M,1998,57.3,
DE064M,1997,57.6,
DE069M,2016,220,
DE069M,2013,212,e
DE069M,2012,207,
DE069M,2011,206,b
DE069M,2010,205,
DE069M,2009,205,
DE069M,2008,205,
DE069M,2007,204,
DE069M,2006,204,
DE069M,2005,204,
DE069M,2004,202,
DE069M,2003,202,
DE069M,2002,200,
DE069M,2001,198,
DE069M,2000,196,
DE069M,1999,196.8,
DE069M,1998,195.3,
DE069M,1997,194.3,
DE073M,2016,229,
DE073M,2013,224,e
DE073M,2012,221,
DE073M,2011,220,b
DE073M,2010,220,
DE073M,2009,220,
DE073M,2008,221,
DE073M,2007,221,
DE073M,2006,221,
DE073M,2005,220,
DE073M,2004,220,
DE073M,2003,220,
DE073M,2002,219,
DE073M,2001,218,
DE073M,2000,217,
DE073M,1999,217.4,
DE073M,1998,216.5,
DE073M,1997,215.9,
DE074M,2016,126,
DE074M,2013,128,e
DE074M,2012,126,
DE074M,2011,128,b
DE077M,2016,134,
DE077M,2013,133,e
DE077M,2012,133,
DE077M,2011,134,b
DE077M,2010,134,
DE077M,2009,135,
DE077M,2008,136,
DE077M,2007,137,
DE077M,2006,138,
DE077M,2005,138,
DE077M,2004,139,
DE077M,2003,139,
DE077M,2002,139,
DE077M,2001,139,
DE077M,2000,139,
DE077M,1999,139.3,
DE077M,1998,139.3,
DE077M,1997,139.2,
DE079M,2016,238,
DE079M,2013,236,e
DE079M,2012,237,
DE079M,2011,237,b
DE079M,2010,239,
DE079M,2009,240,
DE079M,2008,242,
DE079M,2007,243,
DE079M,2006,244,
DE079M,2005,245,
DE079M,2004,246,
DE079M,2003,247,
DE079M,2002,247,
DE079M,2001,247,
DE079M,2000,247,
DE079M,1999,246.5,
DE079M,1998,246.6,
DE079M,1997,247.0,
DE083M,2016,242,
DE083M,2013,238,e
DE083M,2012,237,
DE083M,2011,237,b
DE083M,2010,238,
DE083M,2009,238,
DE083M,2008,239,
DE083M,2007,240,
DE083M,2006,241,
DE083M,2005,243,
DE083M,2004,243,
DE083M,2003,243,
DE083M,2002,244,
DE083M,2001,244,
DE083M,2000,244,
DE083M,1999,245.0,
DE083M,1998,244.7,
DE083M,1997,245.0,
DE084M,2016,584,
DE084M,2013,570,e
DE084M,2012,558,
DE084M,2011,556,b
DE084M,2010,555,
DE084M,2009,556,
DE084M,2008,557,
DE084M,2007,558,
DE084M,2006,559,
DE084M,2005,560,
DE084M,2004,560,
DE084M,2003,561,
DE084M,2002,561,
DE084M,2001,560,
DE084M,2000,561,
DE084M,1999,681.9,
DE084M,1998,683.1,
DE084M,1997,684.2,
DE504M,2016,375,
DE504M,2013,363,e
DE504M,2012,360,
DE504M,2011,355,b
DE504M,2010,351,
DE504M,2009,350,
DE504M,2008,348,
DE504M,2007,348,
DE504M,2006,347,
DE504M,2005,347,
DE504M,2004,346,
DE504M,2003,345,
DE504M,2002,343,
DE504M,2001,340,
DE504M,2000,338,
DE504M,1999,337.1,
DE504M,1998,335.6,
DE504M,1997,334.4,
DE507M,2016,788,
DE507M,2013,775,e
DE507M,2012,767,
DE507M,2011,764,b
DE510M,2016,269,
DE510M,2013,265,e
DE510M,2012,255,
DE510M,2011,255,b
DE510M,2010,255,
DE510M,2009,255,
DE510M,2008,256,
DE510M,2007,257,
DE510M,2006,257,
DE510M,2005,257,
DE510M,2004,257,
DE510M,2003,258,
DE510M,2002,257,
DE510M,2001,257,
DE510M,2000,257,
DE510M,1999,258.2,
DE510M,1998,258.1,
DE510M,1997,258.0,
DE513M,2016,311,
DE513M,2013,305,e
DE513M,2012,304,
DE513M,2011,304,b
DE513M,2010,305,
DE513M,2009,305,
DE513M,2008,306,
DE513M,2007,307,
DE513M,2006,309,
DE513M,2005,310,
DE513M,2004,311,
DE513M,2003,311,
DE513M,2002,312,
DE513M,2001,312,
DE513M,2000,313,
DE513M,1999,316.0,
DE513M,1998,316.7,
DE513M,1997,317.1,
DE517M,2016,232,
DE517M,2013,226,e
DE517M,2012,225,
DE517M,2011,225,b
DE517M,2010,225,
DE517M,2009,226,
DE517M,2008,227,
DE517M,2007,227,
DE517M,2006,228,
DE517M,2005,228,
DE517M,2004,228,
DE517M,2003,228,
DE517M,2002,228,
DE517M,2001,227,
DE517M,2000,227,
DE517M,1999,230.4,
DE517M,1998,229.8,
DE517M,1997,229.0,
DE520M,2016,220,
DE520M,2013,214,e
DE520M,2012,212,
DE520M,2011,212,b
DE520M,2010,210,
DE520M,2009,209,
DE520M,2008,209,
DE520M,2007,208,
DE520M,2006,209,
DE520M,2005,208,
DE520M,2004,207,
DE520M,2003,206,
DE520M,2002,205,
DE520M,2001,203,
DE520M,2000,201,
DE520M,1999,201.3,
DE520M,1998,199.5,
DE520M,1997,197.5,
DE522M,2016,604,
DE522M,2013,586,e
DE522M,2012,577,
DE522M,2011,573,b
DE522M,2010,572,
DE522M,2009,571,
DE522M,2008,570,
DE522M,2007,570,
DE522M,2006,569,
DE522M,2005,568,
DE522M,2004,567,
DE522M,2003,567,
DE522M,2002,566,
DE522M,2001,562,
DE522M,2000,560,
DE522M,1999,487.9,
DE522M,1998,486.4,
DE522M,1997,484.9,
DE523M,2016,246,
DE523M,2013,239,e
DE523M,2012,237,
DE523M,2011,237,b
DE523M,2010,236,
DE523M,2009,236,
DE523M,2008,236,
DE523M,2007,237,
DE523M,2006,237,
DE523M,2005,236,
DE523M,2004,235,
DE523M,2003,234,
DE523M,2002,234,
DE523M,2001,232,
DE523M,2000,230,
DE523M,1999,230.3,
DE523M,1998,228.6,
DE523M,1997,227.0,
DE524M,2016,165,
DE524M,2013,163,e
DE524M,2012,163,
DE524M,2011,162,b
DE524M,2010,163,
DE524M,2009,164,
DE524M,2008,165,
DE524M,2007,165,
DE524M,2006,165,
DE524M,2005,165,
DE524M,2004,166,
DE524M,2003,165,
DE524M,2002,165,
DE524M,2001,164,
DE524M,2000,164,
DE524M,1999,165.1,
DE524M,1998,164.6,
DE524M,1997,164.2,
DE527M,2016,147,
DE527M,2013,144,e
DE527M,2012,142,
DE527M,2011,144,b
DE527M,2010,144,
DE527M,2009,145,
DE527M,2008,145,
DE527M,2007,147,
DE527M,2006,148,
DE527M,2005,148,
DE527M,2004,149,
DE527M,2003,150,
DE527M,2002,150,
DE527M,2001,150,
DE527M,2000,151,
DE527M,1999,151.9,
DE527M,1998,152.2,
DE527M,1997,152.5,
DE529M,2016,383,
DE529M,2013,370,e
DE529M,2012,368,
DE529M,2011,366,b
DE529M,2010,365,
DE529M,2009,366,
DE529M,2008,367,
DE529M,2007,367,
DE529M,2006,368,
DE529M,2005,368,
DE529M,2004,367,
DE529M,2003,366,
DE529M,2002,365,
DE529M,2001,363,
DE529M,2000,360,
DE529M,1999,363.0,
DE529M,1998,360.8,
DE529M,1997,358.7,
DE532M,2016,245,
DE532M,2013,238,e
DE532M,2012,236,
DE532M,2011,234,b
DE532M,2010,234,
DE532M,2009,234,
DE532M,2008,234,
DE532M,2007,233,
DE532M,2006,234,
DE532M,2005,234,
DE532M,2004,233,
DE532M,2003,232,
DE532M,2002,232,
DE532M,2001,230,
DE532M,2000,229,
DE532M,1999,230.2,
DE532M,1998,229.2,
DE532M,1997,228.7,
DE533M,2016,476,
DE533M,2013,461,e
DE533M,2012,459,
DE533M,2011,456,b
DE533M,2010,456,
DE533M,2009,459,
DE533M,2008,459,
DE533M,2007,460,
DE533M,2006,460,
DE533M,2005,460,
DE533M,2004,460,
DE533M,2003,460,
DE533M,2002,459,
DE533M,2001,456,
DE533M,2000,454,
DE533M,1999,458.8,
DE533M,1998,457.2,
DE533M,1997,456.4,
DE534M,2016,171,
DE534M,2013,165,e
DE534M,2012,162,
DE534M,2011,160,b
DE534M,2010,159,
DE534M,2009,159,
DE534M,2008,158,
DE534M,2007,158,
DE534M,2006,157,
DE534M,2005,157,
DE534M,2004,157,
DE534M,2003,156,
DE534M,2002,155,
DE534M,2001,153,
DE534M,2000,151,
DE534M,1999,150.8,
DE534M,1998,149.3,
DE534M,1997,148.2,
DE537M,2016,259,
DE537M,2013,252,e
DE537M,2012,251,
DE537M,2011,250,b
DE537M,2010,250,
DE537M,2009,250,
DE537M,2008,251,
DE537M,2007,251,
DE537M,2006,252,
DE537M,2005,252,
DE537M,2004,252,
DE537M,2003,252,
DE537M,2002,251,
DE537M,2001,250,
DE537M,2000,249,
DE537M,1999,252.2,
DE537M,1998,251.2,
DE537M,1997,250.6,
DE540M,2016,230,
DE540M,2013,228,e
DE540M,2012,229,
DE540M,2011,230,b
DE540M,2010,231,
DE540M,2009,233,
DE540M,2008,235,
DE540M,2007,237,
DE540M,2006,237,
DE540M,2005,239,
DE540M,2004,240,
DE540M,2003,241,
DE540M,2002,242,
DE540M,2001,242,
DE540M,2000,243,
DE540M,1999,245.1,
DE540M,1998,245.4,
DE540M,1997,245.4,
DE542M,2016,230,
DE542M,2013,228,e
DE542M,2012,229,
DE542M,2011,230,b
DE542M,2010,231,
DE542M,2009,233,
DE542M,2008,235,
DE542M,2007,236,
DE542M,2006,238,
DE542M,2005,239,
DE542M,2004,240,
DE542M,2003,241,
DE542M,2002,241,
DE542M,2001,241,
DE542M,2000,241,
DE542M,1999,242.8,
DE542M,1998,242.9,
DE542M,1997,242.9,
DE544M,2016,341,
DE544M,2013,346,e
DE544M,2012,350,
DE544M,2011,353,b
DE546M,2016,2090,
DE546M,2013,2043,e
DE546M,2012,2037,
DE546M,2011,2037,b
DE546M,2010,2043,
DE546M,2009,2055,
DE546M,2008,2072,
DE546M,2007,2090,
DE546M,2006,2096,
DE546M,2005,2108,
DE546M,2004,2120,
DE546M,2003,2126,
DE546M,2002,2138,
DE546M,2001,2150,
DE546M,2000,2162,
DE546M,1999,2201.1,
DE546M,1998,2224.3,
DE546M,1997,2246.8,
DE548M,2016,281,
DE549M,2016,260,
DE_NM,2016,137,e
DE_NM,2013,134,e
DK,2016,136,
DK,2013,134,
DK001MC,2016,758,
DK001MC,2013,733,
DK001MC,2012,694,
DK001MC,2011,687,
DK001MC,2010,677,
DK001MC,2009,670,
DK001MC,2008,663,
DK001MC,2007,658,
DK001MC,2006,656,
DK001MC,2005,654,
DK002M,2016,151,
DK002M,2013,147,
DK002M,2012,144,
DK002M,2011,143,
DK002M,2010,141,
DK002M,2009,139,
DK002M,2008,138,
DK002M,2007,137,
DK002M,2006,136,
DK002M,2005,135,
DK003M,2016,144,
DK003M,2013,142,
DK003M,2012,139,
DK003M,2011,137,
DK003M,2010,139,
DK003M,2009,139,
DK003M,2008,139,
DK003M,2007,138,
DK003M,2006,137,
DK003M,2005,137,
DK003M,2004,137,
DK003M,2003,136,
DK003M,2002,136,
DK003M,2001,135,
DK003M,2000,135,
DK004M,2016,76,
DK004M,2013,75,
DK004M,2012,74,
DK004M,2011,74,
DK004M,2010,73,
DK004M,2009,73,
DK004M,2008,73,
DK004M,2007,73,
DK004M,2006,73,
DK004M,2005,73,
DK_NM,2016,79,
DK_NM,2013,78,
DK_NM,2012,77,
DK_NM,2011,77,
DK_NM,2010,77,
DK_NM,2009,77,
DK_NM,2008,77,
DK_NM,2007,77,
DK_NM,2006,76,
DK_NM,2005,76,
EE,2016,30,
EE,2013,30,
EE001MC,2016,134,
EE001MC,2013,132,
EE001MC,2012,131,
EE001MC,2011,130,
EE001MC,2010,129,
EE001MC,2009,128,
EE001MC,2008,127,
EE001MC,2007,126,
EE001MC,2006,126,b
EE001MC,2005,125,
EE001MC,2004,125,
EE001MC,2003,124,
EE001MC,2002,123,
EE001MC,2001,123,
EE001MC,2000,124,
EE001MC,1999,121.7,
EE001MC,1998,122.3,
EE001MC,1997,123.1,
EE001MC,1996,124.7,
EE001MC,1995,126.7,
EE001MC,1994,128.7,
EE001MC,1993,131.1,
EE001MC,1992,135.3,
EE001MC,1991,138.8,
EE001MC,1990,139.9,
EE_NM,2016,19,
EE_NM,2013,19,
EE_NM,2012,19,
EE_NM,2011,20,
EE_NM,2010,20,
EE_NM,2009,20,
EE_NM,2008,20,
EE_NM,2007,20,
EE_NM,2006,21,b
EE_NM,2005,21,
EE_NM,2004,21,
EE_NM,2003,21,
EE_NM,2002,22,
EE_NM,2001,22,
EE_NM,2000,22,
EL,2016,83,
EL,2013,84,
EL001MC,2016,1293,
EL001MC,2013,981,
EL001MC,2012,1033,
EL001MC,2011,1043,b
EL001MC,2010,1050,
EL001MC,2009,1051,
EL001MC,2008,1050,
EL001MC,2007,1047,
EL001MC,2006,1045,
EL001MC,2005,1041,
EL001MC,2004,1037,
EL001MC,2003,1032,
EL001MC,2002,1026,
EL001MC,2001,1023,
EL001MC,2000,1020,
EL001MC,1999,1015.3,
EL001MC,1998,1010.1,
EL001MC,1997,1002.9,
EL001MC,1996,996.5,
EL001MC,1995,990.3,
EL001MC,1994,983.5,
EL001MC,1993,976.2,
EL001MC,1992,967.7,
EL001MC,1991,956.2,
EL001MC,1990,926.3,
EL002M,2016,312,
EL002M,2013,317,
EL002M,2012,308,
EL002M,2011,309,b
EL002M,2010,321,
EL002M,2009,320,
EL002M,2008,319,
EL002M,2007,318,
EL002M,2006,316,
EL002M,2005,314,
EL002M,2004,312,
EL002M,2003,310,
EL002M,2002,308,
EL002M,2001,306,
EL002M,2000,303,
EL002M,1999,299.9,
EL002M,1998,296.9,
EL002M,1997,293.0,
EL002M,1996,289.5,
EL002M,1995,286.4,
EL002M,1994,283.5,
EL002M,1993,280.5,
EL002M,1992,277.4,
EL002M,1991,275.3,
EL002M,1990,265.8,
EL_NM,2016,49,
EL_NM,2013,50,
EL_NM,2012,48,
EL_NM,2011,48,b
EL_NM,2010,48,
EL_NM,2009,48,
EL_NM,2008,48,
EL_NM,2007,48,
EL_NM,2006,48,
EL_NM,2005,48,
EL_NM,2004,48,
EL_NM,2003,48,
EL_NM,2002,48,
EL_NM,2001,48,
EL_NM,2000,47,
ES,2016,92,p
ES,2013,93,
ES001MC,2016,809,p
ES001MC,2013,802,
ES001MC,2012,807,
ES001MC,2011,805,
ES001MC,2010,802,
ES001MC,2009,798,
ES001MC,2008,789,
ES001MC,2007,773,
ES001MC,2006,748,
ES001MC,2005,736,
ES001MC,2004,723,
ES001MC,2003,711,
ES001MC,2002,693,
ES001MC,2001,673,
ES001MC,2000,667,
ES002M,2016,707,p
ES002M,2013,708,
ES002M,2012,713,
ES002M,2011,714,
ES002M,2010,712,
ES002M,2009,710,
ES002M,2008,704,
ES002M,2007,692,
ES002M,2006,680,
ES002M,2005,671,
ES002M,2004,659,
ES002M,2003,648,
ES002M,2002,634,
ES002M,2001,621,
ES002M,2000,618,
ES003M,2016,234,p
ES003M,2013,236,
ES003M,2012,239,
ES003M,2011,239,
ES003M,2010,239,
ES003M,2009,239,
ES003M,2008,237,
ES003M,2007,233,
ES003M,2006,226,
ES003M,2005,222,
ES003M,2004,217,
ES003M,2003,213,
ES003M,2002,208,
ES003M,2001,205,
ES003M,2000,204,
ES004M,2016,140,p
ES004M,2013,140,
ES004M,2012,140,
ES004M,2011,139,
ES004M,2010,138,
ES004M,2009,137,
ES004M,2008,135,
ES004M,2007,133,
ES004M,2006,130,
ES004M,2005,128,
ES004M,2004,126,
ES004M,2003,125,
ES004M,2002,124,
ES004M,2001,123,
ES004M,2000,122,
ES005M,2016,56,p
ES005M,2013,57,
ES005M,2012,57,
ES005M,2011,57,
ES005M,2010,57,
ES005M,2009,57,
ES005M,2008,56,
ES005M,2007,55,
ES005M,2006,53,
ES005M,2005,53,
ES005M,2004,52,
ES005M,2003,51,
ES005M,2002,51,
ES005M,2001,50,
ES005M,2000,50,
ES006M,2016,226,p
ES006M,2013,222,
ES006M,2012,221,
ES006M,2011,219,
ES006M,2010,217,
ES006M,2009,215,
ES006M,2008,212,
ES006M,2007,208,
ES006M,2006,202,
ES006M,2005,197,
ES006M,2004,191,
ES006M,2003,186,
ES006M,2002,181,
ES006M,2001,175,
ES006M,2000,174,
ES007M,2016,130,p
ES007M,2013,129,
ES007M,2012,129,
ES007M,2011,129,
ES007M,2010,129,
ES007M,2009,128,
ES007M,2008,127,
ES007M,2007,124,
ES007M,2006,121,
ES007M,2005,118,
ES007M,2004,114,
ES007M,2003,111,
ES007M,2002,108,
ES007M,2001,105,
ES007M,2000,104,
ES008M,2016,550,p
ES008M,2013,548,
ES008M,2012,544,
ES008M,2011,540,
ES008M,2010,535,
ES008M,2009,529,
ES008M,2008,524,
ES008M,2007,515,
ES009M,2016,65,p
ES009M,2013,65,
ES009M,2012,66,
ES009M,2011,66,
ES009M,2010,66,
ES009M,2009,66,
ES009M,2008,65,
ES009M,2007,65,
ES009M,2006,64,
ES009M,2005,63,
ES009M,2004,63,
ES009M,2003,62,
ES009M,2002,62,
ES009M,2001,61,
ES009M,2000,61,
ES010M,2016,245,p
ES010M,2013,239,
ES010M,2012,237,
ES010M,2011,236,
ES010M,2010,235,
ES010M,2009,233,
ES010M,2008,229,
ES010M,2007,222,
ES012M,2016,107,p
ES012M,2013,106,
ES012M,2012,106,
ES012M,2011,106,
ES012M,2010,106,
ES012M,2009,105,
ES012M,2008,104,
ES012M,2007,103,
ES012M,2006,100,
ES012M,2005,99,
ES012M,2004,97,
ES012M,2003,96,
ES012M,2002,95,
ES012M,2001,94,
ES012M,2000,94,
ES013M,2016,98,p
ES013M,2013,101,
ES013M,2012,101,
ES013M,2011,102,
ES013M,2010,102,
ES013M,2009,102,
ES013M,2008,102,
ES013M,2007,101,
ES013M,2006,100,
ES013M,2005,100,
ES013M,2004,100,
ES013M,2003,100,
ES013M,2002,100,
ES013M,2001,100,
ES013M,2000,101,
ES014M,2016,62,p
ES014M,2013,62,
ES014M,2012,62,
ES014M,2011,62,
ES014M,2010,61,
ES014M,2009,61,
ES014M,2008,60,
ES014M,2007,59,
ES014M,2006,57,
ES014M,2005,57,
ES014M,2004,56,
ES014M,2003,55,
ES014M,2002,54,
ES014M,2001,53,
ES014M,2000,53,
ES015M,2016,110,p
ES015M,2013,112,
ES015M,2012,112,
ES015M,2011,113,
ES015M,2010,112,
ES015M,2009,112,
ES015M,2008,110,
ES015M,2007,109,
ES015M,2006,106,
ES015M,2005,105,
ES015M,2004,104,
ES015M,2003,102,
ES015M,2002,101,
ES015M,2001,101,
ES015M,2000,100,
ES019M,2016,514,p
ES019M,2013,519,
ES019M,2012,521,
ES019M,2011,522,
ES019M,2010,522,
ES019M,2009,522,
ES019M,2008,521,
ES019M,2007,518,
ES019M,2006,514,
ES019M,2005,512,
ES019M,2004,509,
ES019M,2003,508,
ES019M,2002,507,
ES019M,2001,507,
ES019M,2000,508,
ES020M,2016,58,p
ES021M,2016,319,p
ES021M,2013,321,
ES021M,2012,323,
ES021M,2011,322,
ES021M,2010,321,
ES021M,2009,320,
ES021M,2008,319,
ES021M,2007,312,
ES021M,2006,299,
ES021M,2005,290,
ES021M,2004,280,
ES021M,2003,270,
ES021M,2002,260,
ES021M,2001,250,
ES021M,2000,247,
ES022M,2016,212,p
ES022M,2013,213,
ES022M,2012,214,
ES022M,2011,214,
ES022M,2010,213,
ES022M,2009,213,
ES022M,2008,212,
ES022M,2007,210,
ES022M,2006,207,
ES022M,2005,206,
ES022M,2004,204,
ES022M,2003,203,
ES022M,2002,202,
ES022M,2001,201,
ES022M,2000,201,
ES025M,2016,450,p
ES025M,2013,440,
ES025M,2012,435,
ES025M,2011,430,
ES025M,2010,426,
ES025M,2009,421,
ES025M,2008,415,
ES025M,2007,406,
ES026M,2016,142,p
ES026M,2013,144,
ES026M,2012,145,
ES026M,2011,145,
ES026M,2010,145,
ES026M,2009,144,
ES026M,2008,144,
ES026M,2007,143,
ES026M,2006,141,
ES026M,2005,140,
ES026M,2004,139,
ES026M,2003,139,
ES026M,2002,138,
ES026M,2001,138,
ES026M,2000,138,
ES501M,2016,73,p
ES501M,2013,73,
ES501M,2012,73,
ES501M,2011,73,
ES501M,2010,73,
ES501M,2009,72,
ES501M,2008,72,
ES501M,2007,71,
ES501M,2006,69,
ES501M,2005,68,
ES501M,2004,67,
ES501M,2003,66,
ES501M,2002,65,
ES501M,2001,65,
ES501M,2000,65,
ES510M,2016,359,p
ES522M,2016,171,p
ES_NM,2016,35,p
ES_NM,2013,34,
ES_NM,2012,42,
ES_NM,2011,42,
ES_NM,2010,42,
ES_NM,2009,41,
ES_NM,2008,41,
ES_NM,2007,41,
FI,2016,18,
FI,2013,18,
FI001MC,2016,179,
FI001MC,2013,173,
FI001MC,2012,171,
FI001MC,2011,169,
FI001MC,2010,168,
FI001MC,2009,165,
FI001MC,2008,163,
FI001MC,2007,162,
FI001MC,2006,160,
FI001MC,2005,159,
FI001MC,2004,157,
FI001MC,2003,156,
FI001MC,2002,155,
FI001MC,2001,154,
FI001MC,2000,152,
FI001MC,1999,150.5,
FI001MC,1998,148.6,
FI001MC,1997,146.6,
FI001MC,1996,144.7,
FI001MC,1995,142.9,
FI001MC,1994,141.1,
FI001MC,1993,139.3,
FI001MC,1992,137.7,
FI001MC,1991,136.1,
FI001MC,1990,134.5,
FI002M,2016,40,
FI002M,2013,40,
FI002M,2012,40,
FI002M,2011,39,
FI002M,2010,39,
FI002M,2009,39,
FI002M,2008,39,
FI002M,2007,38,
FI002M,2006,39,
FI002M,2005,38,
FI002M,2004,38,
FI002M,2003,38,
FI002M,2002,37,
FI002M,2001,37,
FI002M,2000,37,
FI002M,1999,36.4,
FI002M,1998,36.2,
FI002M,1997,36.0,
FI002M,1996,35.8,
FI002M,1995,35.6,
FI002M,1994,35.4,
FI002M,1993,35.2,
FI002M,1992,35.1,
FI002M,1991,35.0,
FI002M,1990,33.6,
FI003M,2016,45,
FI003M,2013,44,
FI003M,2012,44,
FI003M,2011,44,
FI003M,2010,44,
FI003M,2009,43,
FI003M,2008,43,
FI003M,2007,43,
FI003M,2006,43,
FI003M,2005,43,
FI003M,2004,43,
FI003M,2003,43,
FI003M,2002,42,
FI003M,2001,42,
FI003M,2000,42,
FI003M,1999,41.8,
FI003M,1998,41.6,
FI003M,1997,41.3,
FI003M,1996,41.1,
FI003M,1995,40.8,
FI003M,1994,40.6,
FI003M,1993,40.4,
FI003M,1992,40.3,
FI003M,1991,40.1,
FI003M,1990,40.0,
FI_NM,2016,11,e
FI_NM,2013,11,
FI_NM,2012,11,
FI_NM,2011,11,
FI_NM,2010,11,
FI_NM,2009,11,
FI_NM,2008,11,
FI_NM,2007,11,
FI_NM,2006,11,
FI_NM,2005,11,
FI_NM,2004,11,
FI_NM,2003,11,
FI_NM,2002,11,
FI_NM,2001,11,
FI_NM,2000,11,
FR,2016,105,p
FR001MC,2016,1015,p
FR001MC,2012,993,
FR001MC,2011,989,
FR001MC,2010,984,
FR001MC,2009,979,
FR001MC,2008,974,
FR001MC,2007,968,
FR001MC,2006,963,
FR001MC,2005,956,
FR001MC,2004,949,
FR001MC,2003,941,
FR001MC,2002,935,
FR001MC,2001,928,
FR001MC,2000,921,
FR001MC,1999,914.3,
FR001MC,1998,909.8,
FR001MC,1997,907.7,
FR001MC,1996,906.5,
FR001MC,1995,905.0,
FR001MC,1994,902.9,
FR001MC,1993,900.2,
FR001MC,1992,896.9,
FR001MC,1991,892.8,
FR001MC,1990,888.3,
FR003M,2016,571,p
FR003M,2012,545,
FR003M,2011,540,
FR003M,2010,534,
FR003M,2009,528,
FR003M,2008,523,
FR003M,2007,518,
FR003M,2006,515,
FR003M,2005,512,
FR003M,2004,507,
FR003M,2003,503,
FR003M,2002,499,
FR003M,2001,495,
FR003M,2000,491,
FR003M,1999,487.2,
FR003M,1998,483.7,
FR003M,1997,481.3,
FR003M,1996,479.8,
FR003M,1995,478.3,
FR003M,1994,476.7,
FR003M,1993,475.1,
FR003M,1992,472.6,
FR003M,1991,469.0,
FR003M,1990,465.4,
FR004M,2016,214,p
FR004M,2012,204,
FR004M,2011,201,
FR004M,2010,198,
FR004M,2009,196,
FR004M,2008,194,
FR004M,2007,192,
FR004M,2006,189,
FR004M,2005,186,
FR004M,2004,183,
FR004M,2003,180,
FR004M,2002,176,
FR004M,2001,173,
FR004M,2000,170,
FR004M,1999,167.0,
FR004M,1998,164.3,
FR004M,1997,162.2,
FR004M,1996,160.2,
FR004M,1995,158.1,
FR004M,1994,156.1,
FR004M,1993,154.5,
FR004M,1992,152.6,
FR004M,1991,150.1,
FR004M,1990,147.7,
FR006M,2016,236,p
FR006M,2012,233,
FR006M,2011,231,
FR006M,2010,231,
FR006M,2009,230,
FR006M,2008,230,
FR006M,2007,229,
FR006M,2006,228,
FR006M,2005,226,
FR006M,2004,224,
FR006M,2003,223,
FR006M,2002,221,
FR006M,2001,220,
FR006M,2000,218,
FR006M,1999,216.4,
FR006M,1998,214.7,
FR006M,1997,213.1,
FR006M,1996,211.6,
FR006M,1995,210.0,
FR006M,1994,208.4,
FR006M,1993,206.7,
FR006M,1992,204.8,
FR006M,1991,202.9,
FR006M,1990,201.1,
FR007M,2016,159,p
FR007M,2012,149,
FR007M,2011,147,
FR007M,2010,146,
FR007M,2009,144,
FR007M,2008,143,
FR007M,2007,141,
FR007M,2006,140,
FR007M,2005,139,
FR007M,2004,137,
FR007M,2003,135,
FR007M,2002,134,
FR007M,2001,132,
FR007M,2000,131,
FR007M,1999,129.3,
FR007M,1998,128.1,
FR007M,1997,127.3,
FR007M,1996,126.7,
FR007M,1995,126.0,
FR007M,1994,125.3,
FR007M,1993,124.6,
FR007M,1992,123.8,
FR007M,1991,122.9,
FR007M,1990,121.9,
FR008M,2016,203,p
FR008M,2012,194,
FR008M,2011,191,
FR008M,2010,189,
FR008M,2009,187,
FR008M,2008,185,
FR008M,2007,184,
FR008M,2006,182,
FR008M,2005,180,
FR008M,2004,178,
FR008M,2003,175,
FR008M,2002,173,
FR008M,2001,171,
FR008M,2000,169,
FR008M,1999,167.2,
FR008M,1998,165.6,
FR008M,1997,164.2,
FR008M,1996,162.8,
FR008M,1995,161.5,
FR008M,1994,160.2,
FR008M,1993,159.0,
FR008M,1992,157.6,
FR008M,1991,156.1,
FR008M,1990,154.8,
FR009M,2016,454,p
FR009M,2012,451,
FR009M,2011,449,
FR009M,2010,449,
FR009M,2009,448,
FR009M,2008,447,
FR009M,2007,447,
FR009M,2006,447,
FR009M,2005,447,
FR009M,2004,446,
FR009M,2003,446,
FR009M,2002,446,
FR009M,2001,445,
FR009M,2000,445,
FR009M,1999,444.9,
FR009M,1998,444.9,
FR009M,1997,444.8,
FR009M,1996,444.6,
FR009M,1995,444.2,
FR009M,1994,443.5,
FR009M,1993,442.9,
FR009M,1992,442.1,
FR009M,1991,441.3,
FR009M,1990,440.7,
FR010M,2016,187,p
FR010M,2012,178,
FR010M,2011,175,
FR010M,2010,173,
FR010M,2009,170,
FR010M,2008,168,
FR010M,2007,167,
FR010M,2006,165,
FR010M,2005,163,
FR010M,2004,160,
FR010M,2003,158,
FR010M,2002,155,
FR010M,2001,152,
FR010M,2000,150,
FR010M,1999,147.7,
FR010M,1998,145.8,
FR010M,1997,144.0,
FR010M,1996,142.1,
FR010M,1995,140.3,
FR010M,1994,138.5,
FR010M,1993,136.8,
FR010M,1992,134.9,
FR010M,1991,133.0,
FR010M,1990,131.2,
FR011M,2016,160,p
FR011M,2012,158,
FR011M,2011,157,
FR011M,2010,157,
FR011M,2009,156,
FR011M,2008,156,
FR011M,2007,155,
FR011M,2006,155,
FR011M,2005,155,
FR011M,2004,154,
FR011M,2003,154,
FR011M,2002,154,
FR011M,2001,153,
FR011M,2000,153,
FR011M,1999,152.7,
FR011M,1998,152.8,
FR011M,1997,153.4,
FR011M,1996,154.2,
FR011M,1995,154.7,
FR011M,1994,155.1,
FR011M,1993,155.5,
FR011M,1992,155.7,
FR011M,1991,155.8,
FR011M,1990,155.9,
FR013M,2016,155,p
FR013M,2012,150,
FR013M,2011,148,
FR013M,2010,146,
FR013M,2009,145,
FR013M,2008,144,
FR013M,2007,142,
FR013M,2006,140,
FR013M,2005,139,
FR013M,2004,137,
FR013M,2003,135,
FR013M,2002,134,
FR013M,2001,132,
FR013M,2000,130,
FR013M,1999,128.6,
FR013M,1998,127.2,
FR013M,1997,125.9,
FR013M,1996,124.7,
FR013M,1995,123.5,
FR013M,1994,122.4,
FR013M,1993,121.4,
FR013M,1992,120.4,
FR013M,1991,119.4,
FR013M,1990,118.3,
FR014M,2016,93,p
FR014M,2012,93,
FR014M,2011,93,
FR014M,2010,93,
FR014M,2009,92,
FR014M,2008,92,
FR014M,2007,92,
FR014M,2006,92,
FR014M,2005,91,
FR014M,2004,91,
FR014M,2003,91,
FR014M,2002,91,
FR014M,2001,91,
FR014M,2000,90,
FR014M,1999,90.1,
FR014M,1998,90.0,
FR014M,1997,89.8,
FR014M,1996,89.7,
FR014M,1995,89.6,
FR014M,1994,89.4,
FR014M,1993,89.3,
FR014M,1992,89.1,
FR014M,1991,88.9,
FR014M,1990,88.8,
FR015M,2016,200,p
FR015M,2012,200,
FR015M,2011,199,
FR015M,2010,199,
FR015M,2009,199,
FR015M,2008,199,
FR015M,2007,199,
FR015M,2006,198,
FR015M,2005,198,
FR015M,2004,198,
FR015M,2003,198,
FR015M,2002,198,
FR015M,2001,198,
FR015M,2000,198,
FR015M,1999,197.5,
FR015M,1998,197.5,
FR015M,1997,197.4,
FR015M,1996,197.5,
FR015M,1995,197.5,
FR015M,1994,197.2,
FR015M,1993,196.8,
FR015M,1992,196.4,
FR015M,1991,195.8,
FR015M,1990,195.1,
FR016M,2016,140,p
FR016M,2012,140,
FR016M,2011,140,
FR016M,2010,140,
FR016M,2009,140,
FR016M,2008,139,
FR016M,2007,139,
FR016M,2006,138,
FR016M,2005,138,
FR016M,2004,138,
FR016M,2003,137,
FR016M,2002,137,
FR016M,2001,137,
FR016M,2000,137,
FR016M,1999,136.3,
FR016M,1998,136.2,
FR016M,1997,136.4,
FR016M,1996,136.6,
FR016M,1995,136.7,
FR016M,1994,136.7,
FR016M,1993,136.5,
FR016M,1992,136.2,
FR016M,1991,135.9,
FR016M,1990,135.6,
FR018M,2016,70,p
FR018M,2012,70,
FR018M,2011,69,
FR018M,2010,69,
FR018M,2009,69,
FR018M,2008,69,
FR018M,2007,69,
FR018M,2006,69,
FR018M,2005,69,
FR018M,2004,69,
FR018M,2003,69,
FR018M,2002,69,
FR018M,2001,69,
FR018M,2000,69,
FR018M,1999,69.3,
FR018M,1998,69.3,
FR018M,1997,69.3,
FR018M,1996,69.3,
FR018M,1995,69.3,
FR018M,1994,69.1,
FR018M,1993,68.9,
FR018M,1992,68.8,
FR018M,1991,68.6,
FR018M,1990,68.4,
FR019M,2016,100,p
FR019M,2012,98,
FR019M,2011,98,
FR019M,2010,97,
FR019M,2009,97,
FR019M,2008,96,
FR019M,2007,96,
FR019M,2006,95,
FR019M,2005,95,
FR019M,2004,94,
FR019M,2003,94,
FR019M,2002,93,
FR019M,2001,93,
FR019M,2000,92,
FR019M,1999,91.4,
FR019M,1998,91.1,
FR019M,1997,90.7,
FR019M,1996,90.1,
FR019M,1995,89.5,
FR019M,1994,88.9,
FR019M,1993,88.3,
FR019M,1992,87.6,
FR019M,1991,86.8,
FR019M,1990,86.0,
FR020M,2016,61,p
FR020M,2012,60,
FR020M,2011,60,
FR020M,2010,60,
FR020M,2009,60,
FR020M,2008,60,
FR020M,2007,59,
FR020M,2006,59,
FR020M,2005,59,
FR020M,2004,59,
FR020M,2003,59,
FR020M,2002,58,
FR020M,2001,58,
FR020M,2000,58,
FR020M,1999,57.9,
FR020M,1998,57.8,
FR020M,1997,57.7,
FR020M,1996,57.6,
FR020M,1995,57.4,
FR020M,1994,57.3,
FR020M,1993,57.1,
FR020M,1992,56.9,
FR020M,1991,56.7,
FR020M,1990,56.4,
FR021M,2016,62,p
FR021M,2012,62,
FR021M,2011,61,
FR021M,2010,61,
FR021M,2009,61,
FR021M,2008,61,
FR021M,2007,61,
FR021M,2006,60,
FR021M,2005,60,
FR021M,2004,59,
FR021M,2003,59,
FR021M,2002,58,
FR021M,2001,58,
FR021M,2000,58,
FR021M,1999,57.3,
FR021M,1998,57.0,
FR021M,1997,56.8,
FR021M,1996,56.5,
FR021M,1995,56.2,
FR021M,1994,55.8,
FR021M,1993,55.4,
FR021M,1992,55.1,
FR021M,1991,54.8,
FR021M,1990,54.5,
FR022M,2016,82,p
FR022M,2012,80,
FR022M,2011,80,
FR022M,2010,80,
FR022M,2009,79,
FR022M,2008,79,
FR022M,2007,79,
FR022M,2006,78,
FR022M,2005,78,
FR022M,2004,78,
FR022M,2003,77,
FR022M,2002,77,
FR022M,2001,77,
FR022M,2000,76,
FR022M,1999,76.0,
FR022M,1998,75.7,
FR022M,1997,75.6,
FR022M,1996,75.4,
FR022M,1995,75.3,
FR022M,1994,75.3,
FR022M,1993,75.2,
FR022M,1992,75.1,
FR022M,1991,75.1,
FR022M,1990,75.1,
FR023M,2016,124,p
FR023M,2012,124,
FR023M,2011,124,
FR023M,2010,123,
FR023M,2009,123,
FR023M,2008,123,
FR023M,2007,122,
FR023M,2006,121,
FR023M,2005,121,
FR023M,2004,120,
FR023M,2003,120,
FR023M,2002,119,
FR023M,2001,118,
FR023M,2000,118,
FR023M,1999,117.1,
FR023M,1998,116.5,
FR023M,1997,115.9,
FR023M,1996,115.3,
FR023M,1995,114.6,
FR023M,1994,114.0,
FR023M,1993,113.5,
FR023M,1992,113.0,
FR023M,1991,112.4,
FR023M,1990,111.7,
FR024M,2016,68,p
FR024M,2012,68,
FR024M,2011,68,
FR024M,2010,68,
FR024M,2009,68,
FR024M,2008,68,
FR024M,2007,68,
FR024M,2006,67,
FR024M,2005,66,
FR024M,2004,66,
FR024M,2003,66,
FR024M,2002,65,
FR024M,2001,65,
FR024M,2000,64,
FR024M,1999,64.3,
FR024M,1998,64.1,
FR024M,1997,64.2,
FR024M,1996,64.2,
FR024M,1995,64.2,
FR024M,1994,64.2,
FR024M,1993,64.2,
FR024M,1992,64.2,
FR024M,1991,64.1,
FR024M,1990,64.1,
FR025M,2016,103,p
FR025M,2012,102,
FR025M,2011,101,
FR025M,2010,101,
FR025M,2009,101,
FR025M,2008,100,
FR025M,2007,100,
FR025M,2006,99,
FR025M,2005,98,
FR025M,2004,98,
FR025M,2003,97,
FR025M,2002,97,
FR025M,2001,96,
FR025M,2000,96,
FR025M,1999,95.6,
FR025M,1998,95.3,
FR025M,1997,95.2,
FR025M,1996,95.0,
FR025M,1995,94.8,
FR025M,1994,94.4,
FR025M,1993,94.0,
FR025M,1992,93.6,
FR025M,1991,93.2,
FR025M,1990,92.7,
FR026M,2016,161,p
FR026M,2012,166,
FR026M,2011,164,
FR026M,2010,163,
FR026M,2009,162,
FR026M,2008,161,
FR026M,2007,159,
FR026M,2006,158,
FR026M,2005,157,
FR026M,2004,155,
FR026M,2003,153,
FR026M,2002,152,
FR026M,2001,151,
FR026M,2000,149,
FR026M,1999,147.7,
FR026M,1998,146.5,
FR026M,1997,145.5,
FR026M,1996,144.3,
FR026M,1995,143.1,
FR026M,1994,142.1,
FR026M,1993,141.1,
FR026M,1992,139.9,
FR026M,1991,138.6,
FR026M,1990,137.2,
FR030M,2016,340,p
FR032M,1999,151.2,
FR032M,1998,149.8,
FR032M,1997,148.5,
FR032M,1996,146.8,
FR032M,1995,145.3,
FR032M,1994,144.0,
FR032M,1993,142.6,
FR032M,1992,141.0,
FR032M,1991,139.2,
FR032M,1990,137.4,
FR035M,2016,100,p
FR035M,2012,98,
FR035M,2011,97,
FR035M,2010,97,
FR035M,2009,96,
FR035M,2008,96,
FR035M,2007,95,
FR035M,2006,95,
FR035M,2005,94,
FR035M,2004,94,
FR035M,2003,93,
FR035M,2002,93,
FR035M,2001,92,
FR035M,2000,91,
FR035M,1999,90.7,
FR035M,1998,90.2,
FR035M,1997,89.8,
FR035M,1996,89.4,
FR035M,1995,88.9,
FR035M,1994,88.5,
FR035M,1993,88.0,
FR035M,1992,87.6,
FR035M,1991,87.0,
FR035M,1990,86.6,
FR036M,2016,113,p
FR036M,2012,111,
FR036M,2011,111,
FR036M,2010,110,
FR036M,2009,109,
FR036M,2008,108,
FR036M,2007,108,
FR036M,2006,107,
FR036M,2005,107,
FR036M,2004,106,
FR036M,2003,105,
FR036M,2002,105,
FR036M,2001,104,
FR036M,2000,103,
FR036M,1999,102.5,
FR036M,1998,102.0,
FR036M,1997,101.6,
FR036M,1996,101.3,
FR036M,1995,100.8,
FR036M,1994,100.3,
FR036M,1993,99.8,
FR036M,1992,99.4,
FR036M,1991,98.9,
FR036M,1990,98.5,
FR037M,2016,134,p
FR037M,2012,134,
FR037M,2011,134,
FR037M,2010,134,
FR037M,2009,133,
FR037M,2008,132,
FR037M,2007,132,
FR037M,2006,131,
FR037M,2005,131,
FR037M,2004,130,
FR037M,2003,129,
FR037M,2002,129,
FR037M,2001,128,
FR037M,2000,127,
FR037M,1999,126.9,
FR037M,1998,126.4,
FR037M,1997,126.0,
FR037M,1996,125.6,
FR037M,1995,125.2,
FR037M,1994,124.9,
FR037M,1993,124.8,
FR037M,1992,124.6,
FR037M,1991,124.5,
FR037M,1990,124.5,
FR038M,2016,91,p
FR038M,2012,92,
FR038M,2011,91,
FR038M,2010,91,
FR038M,2009,91,
FR038M,2008,90,
FR038M,2007,90,
FR038M,2006,89,
FR038M,2005,89,
FR038M,2004,88,
FR038M,2003,88,
FR038M,2002,87,
FR038M,2001,87,
FR038M,2000,86,
FR038M,1999,85.6,
FR038M,1998,85.2,
FR038M,1997,84.9,
FR038M,1996,84.6,
FR038M,1995,84.3,
FR038M,1994,84.0,
FR038M,1993,83.7,
FR038M,1992,83.4,
FR038M,1991,83.1,
FR038M,1990,82.8,
FR039M,1999,140.6,
FR039M,1998,139.6,
FR039M,1997,138.8,
FR039M,1996,137.7,
FR039M,1995,136.7,
FR039M,1994,135.8,
FR039M,1993,134.7,
FR039M,1992,133.7,
FR039M,1991,132.8,
FR039M,1990,131.6,
FR040M,2016,217,p
FR040M,2012,214,
FR040M,2011,214,
FR040M,2010,213,
FR040M,2009,212,
FR040M,2008,212,
FR040M,2007,211,
FR040M,2006,210,
FR040M,2005,208,
FR040M,2004,207,
FR040M,2003,206,
FR040M,2002,205,
FR040M,2001,204,
FR040M,2000,203,
FR040M,1999,201.3,
FR040M,1998,200.1,
FR040M,1997,199.2,
FR040M,1996,198.2,
FR040M,1995,197.1,
FR040M,1994,195.9,
FR040M,1993,194.7,
FR040M,1992,193.4,
FR040M,1991,192.1,
FR040M,1990,190.9,
FR043M,2016,116,p
FR043M,2012,112,
FR043M,2011,110,
FR043M,2010,110,
FR043M,2009,109,
FR043M,2008,108,
FR043M,2007,107,
FR043M,2006,106,
FR043M,2005,104,
FR043M,2004,103,
FR043M,2003,101,
FR043M,2002,100,
FR043M,2001,98,
FR043M,2000,97,
FR043M,1999,95.9,
FR043M,1998,94.9,
FR043M,1997,94.0,
FR043M,1996,93.1,
FR043M,1995,92.1,
FR043M,1994,91.4,
FR043M,1993,90.8,
FR043M,1992,90.2,
FR043M,1991,89.6,
FR043M,1990,88.8,
FR044M,2016,128,p
FR044M,2012,125,
FR044M,2011,123,
FR044M,2010,122,
FR044M,2009,121,
FR044M,2008,119,
FR044M,2007,118,
FR044M,2006,117,
FR044M,2005,116,
FR044M,2004,114,
FR044M,2003,113,
FR044M,2002,111,
FR044M,2001,110,
FR044M,2000,108,
FR044M,1999,107.0,
FR044M,1998,106.0,
FR044M,1997,105.2,
FR044M,1996,104.4,
FR044M,1995,103.7,
FR044M,1994,103.2,
FR044M,1993,102.6,
FR044M,1992,101.8,
FR044M,1991,101.0,
FR044M,1990,100.3,
FR045M,2016,88,p
FR045M,2012,87,
FR045M,2011,86,
FR045M,2010,86,
FR045M,2009,85,
FR045M,2008,85,
FR045M,2007,84,
FR045M,2006,84,
FR045M,2005,83,
FR045M,2004,82,
FR045M,2003,81,
FR045M,2002,81,
FR045M,2001,80,
FR045M,2000,79,
FR045M,1999,78.7,
FR045M,1998,78.1,
FR045M,1997,77.6,
FR045M,1996,77.2,
FR045M,1995,77.0,
FR045M,1994,76.9,
FR045M,1993,76.7,
FR045M,1992,76.4,
FR045M,1991,76.1,
FR045M,1990,75.8,
FR048M,2016,176,p
FR048M,2012,174,
FR048M,2011,171,
FR048M,2010,169,
FR048M,2009,167,
FR048M,2008,164,
FR048M,2007,162,
FR048M,2006,160,
FR048M,2005,157,
FR048M,2004,155,
FR048M,2003,153,
FR048M,2002,151,
FR048M,2001,149,
FR048M,2000,147,
FR203M,2016,287,p
FR203M,2012,272,
FR203M,2011,271,
FR203M,2010,270,
FR203M,2009,269,
FR203M,2008,269,
FR203M,2007,268,
FR203M,2006,266,
FR203M,2005,263,
FR203M,2004,260,
FR203M,2003,258,
FR203M,2002,255,
FR203M,2001,253,
FR203M,2000,250,
FR203M,1999,361.8,
FR203M,1998,359.5,
FR203M,1997,357.7,
FR203M,1996,356.2,
FR203M,1995,354.9,
FR203M,1994,353.5,
FR203M,1993,352.1,
FR203M,1992,350.4,
FR203M,1991,348.4,
FR203M,1990,346.5,
FR205M,2016,253,p
FR205M,2012,252,
FR205M,2011,251,
FR205M,2010,251,
FR205M,2009,251,
FR205M,2008,252,
FR205M,2007,252,
FR205M,2006,251,
FR205M,2005,248,
FR205M,2004,246,
FR205M,2003,244,
FR205M,2002,242,
FR205M,2001,240,
FR205M,2000,238,
FR205M,1999,236.0,
FR205M,1998,234.6,
FR205M,1997,233.6,
FR205M,1996,232.9,
FR205M,1995,232.5,
FR205M,1994,232.3,
FR205M,1993,231.8,
FR205M,1992,230.7,
FR205M,1991,229.2,
FR205M,1990,227.3,
FR_NM,2016,54,p
HR,2016,75,
HR,2013,76,
HR001MC,2016,254,
HR001MC,2013,254,
HR001MC,2012,252,
HR001MC,2011,252,
HR001MC,2010,251,
HR001MC,2009,251,
HR001MC,2008,254,
HR001MC,2007,254,
HR001MC,2006,253,
HR001MC,2005,253,
HR001MC,2004,253,
HR001MC,2003,252,
HR001MC,2002,252,
HR001MC,2001,251,
HR001MC,2000,259,
HR005M,2016,100,
HR005M,2013,101,
HR005M,2012,100,
HR005M,2011,100,
HR005M,2010,100,
HR005M,2009,100,
HR005M,2008,101,
HR005M,2007,101,
HR005M,2006,101,
HR005M,2005,101,
HR005M,2004,101,
HR005M,2003,101,
HR005M,2002,101,
HR005M,2001,101,
HR005M,2000,104,
HR_NM,2016,53,
HR_NM,2013,55,
HR_NM,2012,55,
HR_NM,2011,55,
HR_NM,2010,55,
HR_NM,2009,55,
HR_NM,2008,55,
HR_NM,2007,55,
HR_NM,2006,55,
HR_NM,2005,55,
HR_NM,2004,55,
HR_NM,2003,55,
HR_NM,2002,55,
HR_NM,2001,55,
HR_NM,2000,57,
HU,2016,108,
HU,2013,108,
HU001MC,2016,441,
HU001MC,2013,436,
HU001MC,2012,426,
HU001MC,2011,431,
HU001MC,2010,428,
HU001MC,2009,425,
HU001MC,2008,421,
HU001MC,2007,417,
HU001MC,2006,414,
HU001MC,2005,412,
HU001MC,2004,410,
HU001MC,2003,409,
HU001MC,2002,408,
HU001MC,2001,409,
HU001MC,2000,410,
HU001MC,1999,412.1,
HU001MC,1998,413.7,
HU001MC,1997,415.5,
HU001MC,1996,417.2,
HU001MC,1995,418.8,
HU001MC,1994,423.8,
HU001MC,1993,428.3,
HU001MC,1992,429.0,
HU001MC,1991,429.2,
HU001MC,1990,428.9,
HU002M,2016,91,
HU002M,2013,94,
HU002M,2012,95,
HU002M,2011,94,
HU002M,2010,95,
HU002M,2009,96,
HU002M,2008,97,
HU002M,2007,99,
HU002M,2006,100,
HU002M,2005,101,
HU002M,2004,101,
HU002M,2003,102,
HU002M,2002,103,
HU002M,2001,104,
HU002M,2000,104,
HU002M,1999,101.0,
HU002M,1998,101.6,
HU002M,1997,102.2,
HU002M,1996,102.7,
HU002M,1995,103.2,
HU002M,1994,103.0,
HU002M,1993,103.0,
HU002M,1992,103.6,
HU002M,1991,104.2,
HU002M,1990,104.8,
HU004M,2016,84,
HU004M,2013,86,
HU004M,2012,86,
HU004M,2011,88,
HU004M,2010,89,
HU004M,2009,89,
HU004M,2008,89,
HU004M,2007,90,
HU004M,2006,90,
HU004M,2005,90,
HU004M,2004,91,
HU004M,2003,91,
HU004M,2002,92,
HU004M,2001,92,
HU004M,2000,92,
HU004M,1999,90.7,
HU004M,1998,91.1,
HU004M,1997,91.6,
HU004M,1996,92.1,
HU004M,1995,91.6,
HU004M,1994,92.3,
HU004M,1993,92.9,
HU004M,1992,93.0,
HU004M,1991,93.1,
HU004M,1990,93.2,
HU005M,2016,88,
HU005M,2013,89,
HU005M,2012,87,
HU005M,2011,87,
HU005M,2010,87,
HU005M,2009,87,
HU005M,2008,87,
HU005M,2007,88,
HU005M,2006,88,
HU005M,2005,88,
HU005M,2004,89,
HU005M,2003,89,
HU005M,2002,89,
HU005M,2001,89,
HU005M,2000,89,
HU005M,1999,87.4,
HU005M,1998,87.7,
HU005M,1997,88.0,
HU005M,1996,88.3,
HU005M,1995,88.5,
HU005M,1994,88.5,
HU005M,1993,88.4,
HU005M,1992,88.5,
HU005M,1991,88.5,
HU005M,1990,88.4,
HU009M,2016,97,
HU009M,2013,98,
HU009M,2012,97,
HU009M,2011,98,
HU009M,2010,98,
HU009M,2009,98,
HU009M,2008,98,
HU009M,2007,98,
HU009M,2006,98,
HU009M,2005,98,
HU009M,2004,98,
HU009M,2003,98,
HU009M,2002,98,
HU009M,2001,98,
HU009M,2000,98,
HU009M,1999,97.4,
HU009M,1998,97.5,
HU009M,1997,97.5,
HU009M,1996,97.4,
HU009M,1995,97.3,
HU009M,1994,97.0,
HU009M,1993,96.6,
HU009M,1992,96.6,
HU009M,1991,96.6,
HU009M,1990,96.3,
HU_NM,2016,77,
HU_NM,2013,79,
HU_NM,2012,77,
HU_NM,2011,78,
HU_NM,2010,78,
HU_NM,2009,79,
HU_NM,2008,79,
HU_NM,2007,80,
HU_NM,2006,80,
HU_NM,2005,80,
HU_NM,2004,81,
HU_NM,2003,81,
HU_NM,2002,81,
HU_NM,2001,82,
HU_NM,2000,82,
IE,2016,69,
IE,2013,67,
IE001MC,2016,262,
IE001MC,2013,279,
IE001MC,2012,259,
IE001MC,2011,259,
IE001MC,2010,258,
IE001MC,2009,257,
IE001MC,2008,255,
IE001MC,2007,250,
IE001MC,2006,241,
IE001MC,2005,235,
IE001MC,2004,229,
IE001MC,2003,226,
IE001MC,2002,222,
IE001MC,2001,218,
IE001MC,2000,215,
IE001MC,1999,211.8,
IE001MC,1998,209.3,
IE001MC,1997,206.8,
IE001MC,1996,203.7,
IE001MC,1995,200.0,
IE001MC,1994,198.5,
IE001MC,1993,198.0,
IE001MC,1992,196.8,
IE001MC,1991,194.4,
IE001MC,1990,192.4,
IE002M,2016,56,
IE002M,2013,56,
IE002M,2012,55,
IE002M,2011,55,
IE002M,2010,55,
IE002M,2009,54,
IE002M,2008,54,
IE002M,2007,53,
IE002M,2006,52,
IE002M,2005,50,
IE002M,2004,50,
IE002M,2003,49,
IE002M,2002,48,
IE002M,2001,47,
IE002M,2000,47,
IE002M,1999,46.3,
IE002M,1998,45.9,
IE002M,1997,45.4,
IE002M,1996,45.1,
IE002M,1995,45.0,
IE002M,1994,44.8,
IE002M,1993,44.5,
IE002M,1992,44.2,
IE002M,1991,43.9,
IE002M,1990,43.8,
IE_NM,2016,42,
IE_NM,2013,41,
IE_NM,2012,43,
IE_NM,2011,43,
IE_NM,2010,43,
IE_NM,2009,42,
IE_NM,2008,42,
IE_NM,2007,41,
IE_NM,2006,40,
IE_NM,2005,39,
IE_NM,2004,38,
IE_NM,2003,37,
IE_NM,2002,37,
IE_NM,2001,36,
IE_NM,2000,35,
IT,2016,204,
IT,2013,204,
IT001MC,2016,823,
IT001MC,2013,809,
IT001MC,2012,787,
IT001MC,2011,771,
IT001MC,2010,762,
IT001MC,2009,754,
IT001MC,2008,746,
IT001MC,2007,736,
IT001MC,2006,728,
IT001MC,2005,722,
IT001MC,2004,715,
IT001MC,2003,707,
IT001MC,2002,703,
IT001MC,2001,705,
IT001MC,2000,705,
IT001MC,1999,706.3,
IT001MC,1998,708.0,
IT001MC,1997,709.7,
IT001MC,1996,711.4,
IT001MC,1995,713.2,
IT001MC,1994,714.9,
IT001MC,1993,716.9,
IT001MC,1992,716.8,
IT001MC,1991,702.3,
IT001MC,1990,701.3,
IT002M,2016,1579,
IT002M,2013,1554,
IT003M,2016,2649,
IT003M,2013,2656,
IT003M,2012,2665,
IT003M,2011,2654,
IT003M,2010,2650,
IT003M,2009,2645,
IT003M,2008,2644,
IT003M,2007,2645,
IT003M,2006,2644,
IT003M,2005,2647,
IT003M,2004,2645,
IT003M,2003,2639,
IT003M,2002,2633,
IT003M,2001,2635,
IT003M,2000,2639,
IT003M,1999,2642.0,
IT003M,1998,2643.0,
IT003M,1997,2640.2,
IT003M,1996,2634.2,
IT003M,1995,2628.0,
IT003M,1994,2620.9,
IT003M,1993,2611.0,
IT003M,1992,2601.0,
IT003M,1991,2576.3,
IT003M,1990,2575.7,
IT004M,2016,336,
IT004M,2013,338,
IT004M,2012,340,
IT004M,2011,338,
IT004M,2010,338,
IT004M,2009,337,
IT004M,2008,335,
IT004M,2007,332,
IT004M,2006,329,
IT004M,2005,328,
IT004M,2004,327,
IT004M,2003,324,
IT004M,2002,322,
IT004M,2001,322,
IT004M,2000,323,
IT004M,1999,323.9,
IT004M,1998,324.8,
IT004M,1997,325.8,
IT004M,1996,326.8,
IT004M,1995,327.9,
IT004M,1994,329.5,
IT004M,1993,331.0,
IT004M,1992,332.0,
IT004M,1991,327.7,
IT004M,1990,329.4,
IT005M,2016,255,
IT005M,2013,255,
IT005M,2012,255,
IT005M,2011,254,
IT005M,2010,253,
IT005M,2009,252,
IT005M,2008,252,
IT005M,2007,251,
IT005M,2006,250,
IT005M,2005,250,
IT005M,2004,250,
IT005M,2003,250,
IT005M,2002,250,
IT005M,2001,250,
IT005M,2000,251,
IT005M,1999,251.4,
IT005M,1998,251.6,
IT005M,1997,251.2,
IT005M,1996,251.0,
IT005M,1995,250.6,
IT005M,1994,250.0,
IT005M,1993,249.1,
IT005M,1992,248.2,
IT005M,1991,245.6,
IT005M,1990,245.7,
IT006M,2016,465,
IT006M,2013,474,
IT006M,2012,481,
IT006M,2011,481,
IT006M,2010,481,
IT006M,2009,482,
IT006M,2008,482,
IT006M,2007,482,
IT006M,2006,484,
IT006M,2005,485,
IT006M,2004,485,
IT006M,2003,483,
IT006M,2002,484,
IT006M,2001,487,
IT006M,2000,490,
IT006M,1999,493.7,
IT006M,1998,497.5,
IT006M,1997,501.4,
IT006M,1996,505.3,
IT006M,1995,509.4,
IT006M,1994,514.0,
IT006M,1993,518.4,
IT006M,1992,523.4,
IT006M,1991,519.4,
IT006M,1990,523.7,
IT007M,2016,291,
IT007M,2013,288,
IT007M,2012,287,
IT007M,2011,285,
IT007M,2010,284,
IT007M,2009,282,
IT007M,2008,279,
IT007M,2007,277,
IT007M,2006,275,
IT007M,2005,274,
IT007M,2004,273,
IT007M,2003,271,
IT007M,2002,269,
IT007M,2001,269,
IT007M,2000,269,
IT007M,1999,269.7,
IT007M,1998,270.5,
IT007M,1997,271.3,
IT007M,1996,272.1,
IT007M,1995,273.4,
IT007M,1994,274.7,
IT007M,1993,276.0,
IT007M,1992,277.4,
IT007M,1991,249.4,
IT007M,1990,250.2,
IT008M,2016,327,
IT008M,2013,327,
IT008M,2012,330,
IT008M,2011,329,
IT008M,2010,328,
IT008M,2009,327,
IT008M,2008,326,
IT008M,2007,325,
IT009M,2016,274,
IT009M,2013,271,
IT009M,2012,272,
IT009M,2011,270,
IT009M,2010,268,
IT009M,2009,267,
IT009M,2008,264,
IT009M,2007,261,
IT009M,2006,259,
IT009M,2005,258,
IT009M,2004,256,
IT009M,2003,254,
IT009M,2002,252,
IT009M,2001,250,
IT009M,2000,250,
IT009M,1999,248.8,
IT009M,1998,247.9,
IT009M,1997,247.2,
IT009M,1996,246.7,
IT009M,1995,246.4,
IT009M,1994,246.7,
IT009M,1993,247.2,
IT009M,1992,248.3,
IT009M,1991,245.0,
IT009M,1990,245.1,
IT010M,2016,313,
IT010M,2013,312,
IT010M,2012,314,
IT010M,2011,312,
IT010M,2010,311,
IT010M,2009,310,
IT010M,2008,309,
IT010M,2007,307,
IT010M,2006,306,
IT010M,2005,305,
IT010M,2004,304,
IT010M,2003,302,
IT010M,2002,301,
IT010M,2001,301,
IT010M,2000,301,
IT010M,1999,301.1,
IT010M,1998,301.1,
IT010M,1997,300.9,
IT010M,1996,300.3,
IT010M,1995,299.7,
IT010M,1994,298.7,
IT010M,1993,297.3,
IT010M,1992,295.9,
IT010M,1991,291.6,
IT010M,1990,291.3,
IT011M,2016,443,
IT011M,2013,444,
IT011M,2012,393,
IT011M,2011,392,
IT011M,2010,391,
IT011M,2009,389,
IT011M,2008,386,
IT011M,2007,382,
IT011M,2006,380,
IT011M,2005,378,
IT011M,2004,376,
IT011M,2003,374,
IT011M,2002,373,
IT011M,2001,372,
IT011M,2000,372,
IT011M,1999,371.9,
IT011M,1998,371.8,
IT011M,1997,372.1,
IT011M,1996,372.4,
IT011M,1995,372.8,
IT011M,1994,374.3,
IT011M,1993,375.6,
IT011M,1992,376.8,
IT011M,1991,333.6,
IT011M,1990,334.2,
IT012M,2016,317,
IT012M,2013,316,
IT012M,2012,316,
IT012M,2011,314,
IT012M,2010,313,
IT012M,2009,311,
IT012M,2008,309,
IT012M,2007,304,
IT012M,2006,300,
IT012M,2005,297,
IT012M,2004,294,
IT012M,2003,290,
IT012M,2002,287,
IT012M,2001,285,
IT012M,2000,283,
IT012M,1999,280.6,
IT012M,1998,278.8,
IT012M,1997,277.2,
IT012M,1996,276.8,
IT012M,1995,275.5,
IT012M,1994,275.8,
IT012M,1993,275.4,
IT012M,1992,274.8,
IT012M,1991,254.2,
IT012M,1990,253.5,
IT022M,2016,239,
IT022M,2013,241,
IT022M,2012,244,
IT022M,2011,244,
IT022M,2010,244,
IT022M,2009,244,
IT022M,2008,243,
IT022M,2007,242,
IT022M,2006,242,
IT022M,2005,241,
IT022M,2004,241,
IT022M,2003,240,
IT022M,2002,240,
IT022M,2001,239,
IT022M,2000,240,
IT022M,1999,241.1,
IT022M,1998,242.0,
IT022M,1997,242.7,
IT022M,1996,243.3,
IT022M,1995,243.6,
IT022M,1994,243.6,
IT022M,1993,243.3,
IT022M,1992,243.0,
IT022M,1991,241.9,
IT022M,1990,242.0,
IT027M,2016,126,
IT027M,2013,125,
IT027M,2012,123,
IT027M,2011,122,
IT027M,2010,122,
IT027M,2009,122,
IT027M,2008,122,
IT027M,2007,121,
IT027M,2006,121,
IT027M,2005,120,
IT027M,2004,120,
IT027M,2003,120,
IT027M,2002,119,
IT027M,2001,120,
IT027M,2000,119,
IT027M,1999,118.8,
IT027M,1998,118.8,
IT027M,1997,118.9,
IT027M,1996,118.7,
IT027M,1995,118.5,
IT028M,2016,446,
IT028M,2013,444,
IT028M,2012,443,
IT028M,2011,441,
IT028M,2010,439,
IT028M,2009,437,
IT028M,2008,433,
IT028M,2007,428,
IT028M,2006,423,
IT028M,2005,420,
IT028M,2004,415,
IT028M,2003,410,
IT028M,2002,406,
IT028M,2001,403,
IT028M,2000,402,
IT028M,1999,399.8,
IT028M,1998,397.8,
IT028M,1997,396.1,
IT028M,1996,394.6,
IT028M,1995,393.5,
IT028M,1994,392.7,
IT028M,1993,391.7,
IT028M,1992,390.8,
IT028M,1991,382.6,
IT028M,1990,381.7,
IT029M,2016,279,
IT029M,2013,278,
IT029M,2012,280,
IT029M,2011,278,
IT029M,2010,276,
IT029M,2009,274,
IT029M,2008,271,
IT029M,2007,267,
IT029M,2006,265,
IT029M,2005,262,
IT029M,2004,258,
IT029M,2003,253,
IT029M,2002,249,
IT029M,2001,248,
IT029M,2000,245,
IT029M,1999,242.7,
IT029M,1998,240.9,
IT029M,1997,239.2,
IT029M,1996,237.7,
IT029M,1995,236.4,
IT029M,1994,235.5,
IT029M,1993,234.7,
IT029M,1992,233.8,
IT029M,1991,218.0,
IT029M,1990,217.1,
IT030M,1999,236.7,
IT030M,1998,234.8,
IT030M,1997,233.4,
IT030M,1996,232.2,
IT030M,1995,231.2,
IT030M,1994,230.9,
IT030M,1993,230.8,
IT030M,1992,230.5,
IT030M,1991,224.5,
IT030M,1990,223.5,
IT501M,2016,196,
IT501M,2013,199,
IT501M,2012,206,
IT501M,2011,207,
IT501M,2010,207,
IT501M,2009,207,
IT501M,2008,207,
IT501M,2007,207,
IT501M,2006,207,
IT501M,2005,208,
IT501M,2004,208,
IT501M,2003,208,
IT501M,2002,209,
IT501M,2001,209,
IT501M,2000,209,
IT501M,1999,208.7,
IT501M,1998,208.3,
IT501M,1997,207.8,
IT501M,1996,207.2,
IT501M,1995,206.5,
IT501M,1994,205.9,
IT501M,1993,205.4,
IT501M,1992,204.8,
IT501M,1991,199.4,
IT501M,1990,199.8,
IT502M,2016,696,
IT502M,2013,692,
IT502M,2012,695,
IT502M,2011,693,
IT502M,2010,690,
IT502M,2009,687,
IT502M,2008,684,
IT502M,2007,681,
IT502M,2006,673,
IT502M,2005,665,
IT502M,2004,654,
IT502M,2003,643,
IT502M,2002,637,
IT502M,2001,634,
IT502M,2000,626,
IT502M,1999,620.2,
IT502M,1998,614.5,
IT502M,1997,609.8,
IT502M,1996,606.4,
IT502M,1995,604.5,
IT502M,1994,605.4,
IT502M,1993,606.0,
IT502M,1992,603.7,
IT503M,2016,131,
IT503M,2013,129,
IT503M,2012,132,
IT503M,2011,130,
IT503M,2010,129,
IT503M,2009,128,
IT503M,2008,127,
IT503M,2007,125,
IT503M,2006,123,
IT503M,2005,123,
IT503M,2004,121,
IT503M,2003,120,
IT503M,2002,119,
IT503M,2001,118,
IT503M,2000,118,
IT503M,1999,117.3,
IT503M,1998,117.1,
IT503M,1997,117.0,
IT503M,1996,116.9,
IT503M,1995,116.9,
IT503M,1994,117.1,
IT503M,1993,117.3,
IT503M,1992,117.4,
IT503M,1991,113.4,
IT503M,1990,113.3,
IT505M,2016,233,
IT505M,2013,233,
IT505M,2012,236,
IT505M,2011,234,
IT505M,2010,232,
IT505M,2009,230,
IT505M,2008,227,
IT505M,2007,223,
IT505M,2006,219,
IT505M,2005,216,
IT505M,2004,213,
IT505M,2003,208,
IT505M,2002,205,
IT505M,2001,202,
IT505M,2000,200,
IT511M,2016,409,
IT511M,2013,408,
IT511M,2012,414,
IT511M,2011,411,
IT511M,2010,408,
IT511M,2009,405,
IT511M,2008,400,
IT511M,2007,394,
IT511M,2006,390,
IT511M,2005,386,
IT511M,2004,380,
IT511M,2003,374,
IT511M,2002,369,
IT511M,2001,367,
IT511M,2000,363,
IT_NM,2016,139,
IT_NM,2013,140,
LT,2016,46,
LT,2013,47,
LT001MC,2016,85,
LT001MC,2013,86,
LT001MC,2012,85,
LT001MC,2011,86,
LT001MC,2010,87,
LT001MC,2009,88,
LT001MC,2008,88,
LT001MC,2007,88,
LT001MC,2006,88,
LT001MC,2005,89,
LT001MC,2004,89,
LT001MC,2003,89,
LT001MC,2002,89,
LT001MC,2001,90,
LT001MC,2000,91,
LT001MC,1999,91.0,
LT001MC,1998,91.5,
LT001MC,1997,92.1,
LT001MC,1996,92.4,
LT001MC,1995,93.2,
LT002M,2016,73,
LT002M,2013,75,
LT002M,2012,76,
LT002M,2011,77,
LT002M,2010,79,
LT002M,2009,81,
LT002M,2008,82,
LT002M,2007,83,
LT002M,2006,84,
LT002M,2005,85,
LT002M,2004,87,
LT002M,2003,88,
LT002M,2002,89,
LT002M,2001,90,
LT002M,2000,89,
LT002M,1999,90.9,
LT002M,1998,91.6,
LT002M,1997,92.3,
LT002M,1996,93.4,
LT002M,1995,94.3,
LT_NM,2016,33,
LT_NM,2013,34,
LT_NM,2012,35,
LT_NM,2011,36,
LT_NM,2010,37,
LT_NM,2009,38,
LT_NM,2008,38,
LT_NM,2007,39,
LT_NM,2006,39,
LT_NM,2005,40,
LT_NM,2004,41,
LT_NM,2003,42,
LT_NM,2002,42,
LT_NM,2001,42,
LT_NM,2000,43,
LU,2016,226,
LU,2013,211,
LU001MC,2016,226,
LU001MC,2013,211,
LU001MC,2012,206,
LU001MC,2011,201,
LU001MC,2010,196,
LU001MC,2009,193,
LU001MC,2008,189,
LU001MC,2007,186,
LU001MC,2006,183,
LU001MC,2005,180,
LU001MC,2004,177,
LU001MC,2003,175,
LU001MC,2002,173,
LU001MC,2001,171,
LU001MC,2000,169,
LU001MC,1999,166.5,
LU001MC,1998,164.2,
LU001MC,1997,162.2,
LU001MC,1996,160.2,
LU001MC,1995,158.0,
LU001MC,1994,155.8,
LU001MC,1993,153.7,
LU001MC,1992,151.7,
LU001MC,1991,149.7,
LU001MC,1990,147.7,
LV,2016,31,
LV,2013,32,
LV001MC,2016,99,
LV001MC,2013,3922,
LV001MC,2012,2619,
LV001MC,2011,2648,
LV001MC,2010,2707,
LV001MC,2009,2768,
LV001MC,2008,2813,
LV001MC,2007,2734,
LV001MC,2006,2754,
LV001MC,2005,2770,
LV001MC,2004,2801,
LV001MC,2003,2832,
LV001MC,2002,2867,
LV001MC,2001,2914,
LV001MC,2000,2969,
LV001MC,1999,113.4,
LV001MC,1998,114.4,
LV001MC,1997,115.6,
LV001MC,1996,116.9,
LV001MC,1995,118.4,
LV001MC,1994,120.4,
LV001MC,1993,122.9,
LV001MC,1992,125.8,
LV001MC,1991,127.9,
LV001MC,1990,129.0,
LV_NM,2016,18,
LV_NM,2013,16,
LV_NM,2012,22,
LV_NM,2011,23,
LV_NM,2010,23,
LV_NM,2009,24,
LV_NM,2008,24,
LV_NM,2007,24,
LV_NM,2006,24,
LV_NM,2005,25,
LV_NM,2004,25,
LV_NM,2003,25,
LV_NM,2002,25,
LV_NM,2001,26,
LV_NM,2000,26,
ME,2016,46,
ME,2013,46,
ME_NM,2016,46,
ME_NM,2013,46,
MK,2016,83,
MK,2013,83,
MK_NM,2016,83,
MK_NM,2013,83,
MK_NM,2012,83,
MK_NM,2011,83,
MK_NM,2010,83,
MK_NM,2009,82,
MK_NM,2008,82,
MK_NM,2007,82,
MK_NM,2006,82,
MK_NM,2005,82,
MK_NM,2004,82,
MK_NM,2003,81,
MK_NM,2002,81,
MK_NM,2001,82,
MK_NM,2000,81,
MT,2016,1456,
MT,2013,1357,
MT001MC,2016,1730,
MT001MC,2013,1612,
MT001MC,2012,1571,
MT001MC,2011,1559,
MT001MC,2010,1551,
MT001MC,2009,1543,
MT001MC,2008,1530,
MT001MC,2007,1530,
MT001MC,2006,1522,
MT001MC,2005,1518,
MT001MC,2004,1502,
MT001MC,2003,1494,
MT001MC,2002,1486,
MT001MC,2001,1473,
MT001MC,2000,1465,
MT001MC,1996,1401.4,
MT001MC,1992,1355.3,
MT_NM,2016,469,
MT_NM,2013,459,
MT_NM,2012,449,
MT_NM,2011,449,
MT_NM,2010,449,
MT_NM,2009,449,
MT_NM,2008,449,
MT_NM,2007,443,
MT_NM,2006,443,
MT_NM,2005,443,
MT_NM,2004,458,
MT_NM,2003,458,
MT_NM,2002,443,
MT_NM,2001,443,
MT_NM,2000,429,
NL,2016,498,p
NL001M,2016,2603,p
NL001M,2012,3268,
NL001M,2011,3226,
NL001M,2010,3195,
NL001M,2009,3159,
NL001M,2008,3124,
NL001M,2007,3096,
NL001M,2006,3084,
NL001M,2005,3071,
NL001M,2004,3049,
NL001M,2003,3021,
NL001M,2002,2964,
NL001M,2001,3347,
NL001M,2000,3315,
NL001M,1999,3185.3,
NL001M,1998,3171.3,
NL001M,1997,3159.4,
NL001M,1996,3145.3,
NL001M,1995,3138.4,
NL001M,1994,3107.8,
NL001M,1993,3148.6,
NL001M,1992,3144.1,
NL001M,1991,3129.6,
NL001M,1990,3113.4,
NL002MC,2016,765,p
NL002MC,2012,730,
NL002MC,2011,723,
NL002MC,2010,717,
NL002MC,2009,710,
NL002MC,2008,703,
NL002MC,2007,698,
NL002MC,2006,694,
NL002MC,2005,691,
NL002MC,2004,687,
NL002MC,2003,682,
NL002MC,2002,675,
NL002MC,2001,672,
NL002MC,2000,665,
NL002MC,1999,616.0,
NL002MC,1998,608.5,
NL002MC,1997,601.2,
NL002MC,1996,596.7,
NL002MC,1995,592.6,
NL002MC,1994,589.5,
NL002MC,1993,583.6,
NL002MC,1992,576.8,
NL002MC,1991,567.7,
NL002MC,1990,558.6,
NL003M,2016,1076,p
NL003M,2012,1137,
NL003M,2011,1131,
NL003M,2010,1124,
NL003M,2009,1116,
NL003M,2008,1108,
NL003M,2007,1107,
NL004M,2016,910,p
NL004M,2012,897,
NL004M,2011,890,
NL004M,2010,884,
NL004M,2009,878,
NL004M,2008,871,
NL004M,2007,864,
NL004M,2006,855,
NL004M,2005,848,
NL004M,2004,842,
NL004M,2003,835,
NL004M,2002,826,
NL004M,2001,832,
NL004M,2000,824,
NL004M,1999,809.2,
NL004M,1998,802.1,
NL004M,1997,797.7,
NL004M,1996,792.7,
NL004M,1995,786.8,
NL004M,1994,779.7,
NL004M,1993,773.7,
NL004M,1992,766.8,
NL004M,1991,759.6,
NL004M,1990,751.6,
NL005M,2016,522,p
NL005M,2012,517,
NL005M,2011,515,
NL005M,2010,512,
NL005M,2009,510,
NL005M,2008,508,
NL005M,2007,506,
NL005M,2006,505,
NL005M,2005,505,
NL005M,2004,504,
NL005M,2003,503,
NL005M,2002,500,
NL005M,2001,497,
NL005M,2000,494,
NL005M,1999,490.4,
NL005M,1998,487.1,
NL005M,1997,484.2,
NL005M,1996,503.6,
NL005M,1995,500.0,
NL005M,1994,495.1,
NL005M,1993,491.3,
NL005M,1992,487.6,
NL005M,1991,484.3,
NL005M,1990,480.6,
NL006M,2016,517,p
NL006M,2012,513,
NL006M,2011,510,
NL006M,2010,509,
NL006M,2009,507,
NL006M,2008,505,
NL006M,2007,503,
NL006M,2006,502,
NL006M,2005,501,
NL006M,2004,499,
NL006M,2003,498,
NL006M,2002,495,
NL006M,2001,492,
NL006M,2000,488,
NL006M,1999,484.0,
NL006M,1998,478.2,
NL006M,1997,472.5,
NL006M,1996,456.2,
NL006M,1995,451.9,
NL006M,1994,449.1,
NL006M,1993,446.7,
NL006M,1992,443.8,
NL006M,1991,440.3,
NL006M,1990,436.5,
NL007M,2016,287,p
NL007M,2012,310,
NL007M,2011,309,
NL007M,2010,306,
NL007M,2009,304,
NL007M,2008,301,
NL007M,2007,300,
NL007M,2006,299,
NL007M,2005,299,
NL007M,2004,298,
NL007M,2003,297,
NL007M,2002,295,
NL007M,2001,293,
NL007M,2000,291,
NL007M,1999,271.7,
NL007M,1998,270.4,
NL007M,1997,269.9,
NL007M,1996,269.6,
NL007M,1995,269.8,
NL007M,1994,269.3,
NL007M,1993,268.6,
NL007M,1992,268.1,
NL007M,1991,267.8,
NL007M,1990,267.5,
NL008M,2016,417,p
NL008M,2012,421,
NL008M,2011,420,
NL008M,2010,419,
NL008M,2009,417,
NL008M,2008,416,
NL008M,2007,415,
NL008M,2006,415,
NL008M,2005,414,
NL008M,2004,413,
NL008M,2003,413,
NL008M,2002,411,
NL008M,2001,409,
NL008M,2000,425,
NL008M,1999,416.9,
NL008M,1998,415.2,
NL008M,1997,413.6,
NL008M,1996,412.2,
NL008M,1995,411.2,
NL008M,1994,409.6,
NL008M,1993,407.8,
NL008M,1992,406.0,
NL008M,1991,404.1,
NL008M,1990,402.4,
NL009M,2016,801,p
NL009M,2012,796,
NL009M,2011,792,
NL009M,2010,789,
NL009M,2009,784,
NL009M,2008,780,
NL009M,2007,452,
NL009M,2006,773,
NL009M,2005,769,
NL009M,2004,770,
NL009M,2003,768,
NL009M,2002,762,
NL009M,2001,756,
NL009M,2000,751,
NL009M,1999,743.6,
NL009M,1998,738.0,
NL009M,1997,733.4,
NL009M,1996,730.5,
NL009M,1995,728.0,
NL009M,1994,715.0,
NL009M,1993,709.3,
NL009M,1992,704.2,
NL009M,1991,699.7,
NL010M,1999,953.3,
NL010M,1998,953.7,
NL010M,1997,953.9,
NL010M,1996,952.8,
NL010M,1995,951.4,
NL010M,1994,948.9,
NL010M,1993,946.0,
NL010M,1992,943.4,
NL010M,1991,939.8,
NL010M,1990,935.3,
NL012M,2016,508,p
NL012M,1999,481.1,
NL012M,1998,477.4,
NL012M,1997,474.2,
NL012M,1996,455.6,
NL012M,1995,453.4,
NL012M,1994,449.6,
NL012M,1993,446.3,
NL012M,1992,443.0,
NL012M,1991,439.3,
NL012M,1990,435.9,
NL015M,2016,206,p
NL503M,1999,450.1,
NL503M,1998,447.3,
NL503M,1997,444.7,
NL503M,1996,441.4,
NL503M,1995,439.7,
NL503M,1994,435.8,
NL503M,1993,432.3,
NL503M,1992,428.1,
NL503M,1991,424.5,
NL503M,1990,420.9,
NL507M,2016,1474,p
NL511M,2016,253,p
NL_NM,2016,313,p
NL_NM,2012,363,
NL_NM,2011,362,
NL_NM,2010,361,
NL_NM,2009,360,
NL_NM,2008,359,
NL_NM,2007,370,
NO,2016,17,
NO,2013,16,
NO001MC,2016,249,
NO001MC,2013,237,
NO001MC,2012,236,
NO001MC,2011,229,
NO001MC,1999,192.1,
NO001MC,1998,190.1,
NO001MC,1997,187.7,
NO001MC,1996,185.2,
NO001MC,1995,183.1,
NO001MC,1994,181.0,
NO001MC,1993,179.2,
NO001MC,1992,177.3,
NO001MC,1991,175.5,
NO001MC,1990,174.1,
NO002M,2016,42,
NO002M,2013,41,
NO002M,2012,41,
NO002M,2011,40,
NO002M,1999,28.9,
NO002M,1998,28.7,
NO002M,1997,28.5,
NO002M,1996,28.4,
NO002M,1995,28.2,
NO002M,1994,28.1,
NO002M,1993,27.9,
NO002M,1992,27.7,
NO002M,1991,27.5,
NO002M,1990,27.3,
NO_NM,2012,10,
NO_NM,2011,10,
PL,2016,125,
PL,2013,125,
PL001MC,2016,499,
PL001MC,2013,299,
PL001MC,2012,331,
PL001MC,2011,328,
PL001MC,2010,326,
PL001MC,2009,321,
PL002M,2016,435,
PL002M,2013,441,
PL002M,2012,443,
PL002M,2011,445,
PL002M,2010,447,
PL002M,2009,444,
PL003M,2016,341,
PL003M,2013,337,
PL003M,2012,333,
PL003M,2011,332,
PL003M,2010,330,
PL003M,2009,326,
PL004M,2016,2228,
PL004M,2013,2207,
PL004M,2012,2154,
PL004M,2011,2154,
PL004M,2010,2150,
PL004M,2009,2133,
PL004M,2008,2160,
PL004M,2007,2164,
PL004M,2006,2167,
PL004M,2005,2171,
PL004M,2004,2174,
PL004M,2003,2177,
PL004M,2002,2184,
PL005M,2016,230,
PL005M,2013,227,
PL005M,2012,223,
PL005M,2011,222,
PL005M,2010,221,
PL005M,2009,218,
PL006M,2016,286,
PL006M,2013,282,
PL006M,2012,266,
PL006M,2011,265,
PL006M,2010,263,
PL006M,2009,259,
PL007M,2016,1740,
PL007M,2013,1753,
PL007M,2012,1359,
PL007M,2011,1362,
PL007M,2010,1365,
PL007M,2009,1352,
PL008M,2016,272,
PL008M,2013,272,
PL008M,2012,266,
PL008M,2011,265,
PL008M,2010,265,
PL008M,2009,262,
PL009M,2016,170,
PL009M,2013,171,
PL009M,2012,170,
PL009M,2011,170,
PL009M,2010,170,
PL009M,2009,169,
PL010M,2016,500,
PL010M,2013,506,
PL010M,2012,500,
PL010M,2011,502,
PL010M,2010,503,
PL010M,2009,500,
PL011M,2016,100,
PL011M,2013,100,
PL011M,2012,99,
PL011M,2011,99,
PL011M,2010,99,
PL011M,2009,98,
PL012M,2016,153,
PL012M,2013,155,
PL012M,2012,155,
PL012M,2011,155,
PL012M,2010,156,
PL012M,2009,155,
PL014M,2016,62,
PL014M,2013,62,
PL014M,2012,60,
PL014M,2011,60,
PL014M,2010,60,
PL014M,2009,60,
PL014M,2008,59,
PL014M,2007,59,
PL014M,2006,59,
PL014M,2005,59,
PL014M,2004,59,
PL014M,2003,59,
PL014M,2002,59,
PL015M,2016,179,
PL015M,2013,177,
PL015M,2012,175,
PL015M,2011,175,
PL015M,2010,174,
PL015M,2009,172,
PL016M,2016,118,
PL016M,2013,119,
PL024M,2016,171,
PL024M,2013,173,
PL024M,2012,173,
PL024M,2011,174,
PL024M,2010,174,
PL024M,2009,173,
PL024M,2008,175,
PL024M,2007,175,
PL024M,2006,176,
PL024M,2005,177,
PL024M,2004,177,
PL024M,2003,178,
PL024M,2002,178,
PL025M,2016,108,
PL025M,2013,109,
PL025M,2012,108,
PL025M,2011,108,
PL025M,2010,109,
PL025M,2009,108,
PL506M,2016,288,
PL506M,2013,288,
PL506M,2012,282,
PL506M,2011,281,
PL506M,2010,280,
PL506M,2009,277,
PL506M,2008,277,
PL506M,2007,276,
PL506M,2006,276,
PL506M,2005,275,
PL506M,2004,274,
PL506M,2003,274,
PL506M,2002,273,
PL514M,2016,180,
PL514M,2013,180,
PL514M,2012,178,
PL514M,2011,178,
PL514M,2010,178,
PL514M,2009,176,
PL_NM,2016,86,
PL_NM,2013,88,
PT,2016,113,
PT,2013,115,
PT001MC,2016,1002,
PT001MC,2013,1001,
PT001MC,2012,940,b;p
PT001MC,2011,941,
PT001MC,2010,938,
PT001MC,2009,933,
PT001MC,2008,947,
PT001MC,2007,943,
PT001MC,2006,938,
PT001MC,2005,933,
PT001MC,2004,940,
PT001MC,1999,871.9,
PT001MC,1998,865.8,
PT001MC,1997,902.2,
PT001MC,1996,902.0,
PT001MC,1995,898.4,
PT001MC,1994,895.3,
PT001MC,1993,893.1,
PT001MC,1992,907.1,
PT001MC,1991,883.6,
PT001MC,1990,884.3,
PT002M,2016,849,
PT002M,2013,861,
PT002M,2012,860,
PT002M,2011,862,
PT002M,2010,863,
PT002M,2009,865,
PT002M,2008,865,
PT002M,2007,863,
PT002M,2006,862,
PT002M,2005,860,
PT002M,2004,858,
PT002M,1999,1528.2,
PT002M,1998,1517.4,
PT002M,1997,1500.1,
PT002M,1996,1490.1,
PT002M,1995,1480.2,
PT002M,1994,1470.0,
PT002M,1993,1460.1,
PT002M,1992,1451.8,
PT002M,1991,1430.2,
PT002M,1990,1427.2,
PT005M,2016,103,
PT005M,2013,105,
PT005M,2012,105,
PT005M,2011,106,
PT005M,2010,107,
PT005M,2009,107,
PT005M,2008,107,
PT005M,2007,108,
PT005M,2006,108,
PT005M,2005,108,
PT005M,2004,108,
PT005M,1999,163.7,
PT005M,1998,163.2,
PT005M,1997,162.8,
PT005M,1996,163.1,
PT005M,1995,162.7,
PT005M,1994,162.2,
PT005M,1993,161.8,
PT005M,1992,162.3,
PT005M,1991,161.2,
PT005M,1990,161.7,
PT_NM,2016,65,
PT_NM,2013,67,
PT_NM,2012,66,b;p
PT_NM,2011,67,
PT_NM,2010,67,
PT_NM,2009,67,
PT_NM,2008,67,
PT_NM,2007,67,
PT_NM,2006,67,
PT_NM,2005,67,
PT_NM,2004,67,
RO,2016,84,
RO,2013,85,
RO001MC,2016,1305,
RO001MC,2013,1302,
RO001MC,2012,1297,b
RO001MC,2011,1209,
RO001MC,2010,1215,
RO001MC,2009,1217,
RO001MC,2008,1221,
RO001MC,2007,1228,
RO001MC,2006,1240,
RO001MC,2005,1239,
RO001MC,2004,1244,
RO001MC,2003,1246,
RO001MC,2002,1251,
RO001MC,2001,1294,
RO001MC,2000,1301,
RO001MC,1999,1302.0,
RO001MC,1998,1305.7,
RO001MC,1997,1310.8,
RO001MC,1994,1331.3,
RO001MC,1993,1334.6,
RO001MC,1992,1333.8,
RO001MC,1991,1352.4,
RO001MC,1990,1363.1,
RO002M,2016,106,
RO002M,2013,105,
RO002M,2012,106,b
RO002M,2011,99,
RO002M,2010,99,
RO002M,2009,99,
RO002M,2008,100,
RO002M,2007,102,
RO002M,2006,103,
RO002M,2005,104,
RO002M,2004,103,
RO002M,2003,103,
RO002M,2002,104,
RO002M,2001,109,
RO002M,2000,109,
RO002M,1999,109.8,
RO002M,1998,109.9,
RO002M,1997,110.2,
RO002M,1996,110.5,
RO002M,1995,110.8,
RO002M,1994,110.4,
RO002M,1993,110.5,
RO002M,1992,110.8,
RO002M,1991,112.8,
RO002M,1990,113.0,
RO003M,2016,81,
RO003M,2013,80,
RO003M,2012,81,b
RO003M,2011,75,
RO003M,2010,75,
RO003M,2009,75,
RO003M,2008,75,
RO003M,2007,76,
RO003M,2006,76,
RO003M,2005,76,
RO003M,2004,77,
RO003M,2003,77,
RO003M,2002,77,
RO003M,2001,81,
RO003M,2000,81,
RO003M,1999,80.6,
RO003M,1998,80.3,
RO003M,1997,80.6,
RO003M,1996,81.2,
RO003M,1995,81.3,
RO003M,1994,81.0,
RO003M,1993,80.7,
RO003M,1992,80.9,
RO003M,1991,83.5,
RO003M,1990,84.6,
RO004M,2016,88,
RO004M,2013,90,
RO004M,2012,91,b
RO004M,2011,91,
RO004M,2010,92,
RO004M,2009,93,
RO004M,2008,94,
RO004M,2007,96,
RO004M,2006,98,
RO004M,2005,98,
RO004M,2004,99,
RO004M,2003,100,
RO004M,2002,101,
RO004M,2001,103,
RO004M,2000,103,
RO004M,1999,103.6,
RO004M,1998,103.8,
RO004M,1997,104.1,
RO004M,1996,104.5,
RO004M,1995,105.0,
RO004M,1994,105.3,
RO004M,1993,106.1,
RO004M,1992,106.3,
RO004M,1991,108.1,
RO004M,1990,108.4,
RO501M,2016,101,
RO501M,2013,102,
RO501M,2012,103,b
RO501M,2011,103,
RO501M,2010,103,
RO501M,2009,104,
RO501M,2008,104,
RO501M,2007,105,
RO501M,2006,106,
RO501M,2005,107,
RO501M,2004,107,
RO501M,2003,107,
RO501M,2002,107,
RO501M,2001,113,
RO501M,2000,113,
RO501M,1999,112.9,
RO501M,1998,113.0,
RO501M,1997,113.0,
RO501M,1996,113.0,
RO501M,1995,113.0,
RO501M,1994,113.0,
RO501M,1993,113.2,
RO501M,1992,112.9,
RO501M,1991,115.1,
RO501M,1990,114.6,
RO502M,2016,146,
RO502M,2013,144,
RO502M,2012,145,b
RO502M,2011,145,
RO502M,2010,146,
RO502M,2009,147,
RO502M,2008,148,
RO502M,2007,150,
RO502M,2006,151,
RO502M,2005,150,
RO502M,2004,152,
RO502M,2003,151,
RO502M,2002,150,
RO502M,2001,157,
RO502M,2000,156,
RO502M,1999,155.8,
RO502M,1998,154.9,
RO502M,1997,154.1,
RO502M,1996,153.8,
RO502M,1995,153.3,
RO502M,1994,152.4,
RO502M,1993,152.0,
RO502M,1992,151.9,
RO502M,1991,153.5,
RO502M,1990,152.8,
RO503M,2016,118,
RO503M,2013,121,
RO503M,2012,123,b
RO503M,2011,132,
RO503M,2010,133,
RO503M,2009,133,
RO503M,2008,135,
RO503M,2007,138,
RO503M,2006,140,
RO503M,2005,141,
RO503M,2004,142,
RO503M,2003,143,
RO503M,2002,144,
RO503M,2001,148,
RO503M,2000,149,
RO503M,1999,148.4,
RO503M,1998,148.2,
RO503M,1997,148.1,
RO503M,1996,148.2,
RO503M,1995,148.3,
RO503M,1994,148.3,
RO503M,1993,147.9,
RO503M,1992,147.6,
RO503M,1991,150.2,
RO503M,1990,149.9,
RO504M,2016,103,
RO504M,2013,103,
RO504M,2012,104,b
RO504M,2011,107,
RO504M,2010,106,
RO504M,2009,107,
RO504M,2008,107,
RO504M,2007,109,
RO504M,2006,110,
RO504M,2005,111,
RO504M,2004,111,
RO504M,2003,112,
RO504M,2002,111,
RO504M,2001,118,
RO504M,2000,119,
RO504M,1999,119.1,
RO504M,1998,119.6,
RO504M,1997,120.0,
RO504M,1996,120.4,
RO504M,1995,121.0,
RO504M,1994,121.4,
RO504M,1993,121.4,
RO504M,1992,121.8,
RO504M,1991,129.3,
RO504M,1990,131.5,
RO505M,2016,157,
RO505M,2013,161,
RO505M,2012,164,b
RO505M,2011,165,
RO505M,2010,166,
RO505M,2009,167,
RO505M,2008,169,
RO505M,2007,172,
RO505M,2006,175,
RO505M,2005,176,
RO505M,2004,178,
RO505M,2003,179,
RO505M,2002,180,
RO505M,2001,185,
RO505M,2000,185,
RO_NM,2016,66,
RO_NM,2013,67,
RO_NM,2012,69,b
RO_NM,2011,71,
RO_NM,2010,71,
RO_NM,2009,72,
RO_NM,2008,72,
RO_NM,2007,74,
RO_NM,2006,75,
RO_NM,2005,76,
RO_NM,2004,76,
RO_NM,2003,77,
RO_NM,2002,77,
RO_NM,2001,79,
RO_NM,2000,80,
SE,2016,24,
SE,2013,24,
SE001MC,2016,345,
SE001MC,2013,329,
SE001MC,2012,323,b
SE001MC,2011,318,
SE001MC,2010,312,
SE001MC,2009,307,
SE001MC,2008,301,
SE001MC,2007,297,
SE001MC,2006,292,
SE001MC,2005,289,
SE001MC,2004,286,
SE001MC,2003,285,
SE001MC,2002,283,
SE001MC,2001,281,
SE001MC,2000,278,
SE001MC,1999,276.3,
SE001MC,1998,273.2,
SE001MC,1997,270.2,
SE001MC,1996,267.3,
SE001MC,1995,264.6,
SE001MC,1994,261.5,
SE001MC,1993,258.6,
SE001MC,1992,256.1,
SE002M,2016,70,
SE002M,2013,68,
SE002M,2012,67,b
SE002M,2011,66,
SE002M,2010,66,
SE002M,2009,65,
SE002M,2008,65,
SE002M,2007,64,
SE002M,2006,64,
SE002M,2005,64,
SE002M,2004,63,
SE002M,2003,63,
SE002M,2002,63,
SE002M,2001,63,
SE002M,2000,62,
SE002M,1999,62.1,
SE002M,1998,62.1,
SE002M,1997,62.0,
SE002M,1996,62.0,
SE002M,1995,61.8,
SE002M,1994,61.4,
SE002M,1993,61.0,
SE002M,1992,60.6,
SE003M,2016,120,
SE003M,2013,116,
SE003M,2012,115,b
SE003M,2011,113,
SE003M,2010,112,
SE003M,2009,111,
SE003M,2008,109,
SE003M,2007,108,
SE003M,2006,107,
SE003M,2005,106,
SE003M,2004,105,
SE003M,2003,104,
SE003M,2002,103,
SE003M,2001,103,
SE003M,2000,102,
SE003M,1999,101.8,
SE003M,1998,101.4,
SE003M,1997,101.2,
SE003M,1996,100.9,
SE003M,1995,100.6,
SE003M,1994,99.7,
SE003M,1993,98.9,
SE003M,1992,98.2,
SE006M,2016,44,
SE006M,2013,42,
SE006M,2012,42,b
SE006M,2011,41,
SE006M,2010,41,
SE006M,2009,40,
SE006M,2008,40,
SE006M,2007,39,
SE006M,2006,39,
SE006M,2005,39,
SE006M,2004,38,
SE006M,2003,38,
SE006M,2002,38,
SE006M,2001,38,
SE006M,2000,37,
SE006M,1999,35.8,
SE006M,1998,35.7,
SE006M,1997,35.5,
SE006M,1996,35.4,
SE006M,1995,35.2,
SE006M,1994,34.9,
SE006M,1993,34.4,
SE006M,1992,33.9,
SE_NM,2016,12,
SE_NM,2013,12,
SE_NM,2012,12,b
SE_NM,2011,12,
SE_NM,2010,12,
SE_NM,2009,12,
SE_NM,2008,12,
SE_NM,2007,12,
SE_NM,2006,12,
SE_NM,2005,11,
SE_NM,2004,11,
SE_NM,2003,11,
SE_NM,2002,11,
SE_NM,2001,11,
SE_NM,2000,11,
SI,2016,102,
SI,2013,102,
SI001MC,2016,231,
SI001MC,2013,227,
SI001MC,1999,190.7,
SI001MC,1998,190.7,
SI001MC,1997,190.7,
SI002M,2016,150,
SI002M,2013,151,
SI002M,1999,149.0,
SI002M,1998,149.1,
SI002M,1997,149.3,
SI_NM,2016,77,
SI_NM,2013,77,
SK,2016,112,
SK,2013,111,
SK001MC,2016,315,
SK001MC,2013,305,
SK001MC,2012,297,
SK001MC,2011,294,
SK001MC,2010,305,
SK001MC,2009,302,
SK001MC,2008,299,
SK001MC,2007,297,
SK001MC,2006,295,
SK001MC,2005,293,
SK001MC,2004,292,
SK001MC,2003,292,
SK001MC,2002,292,
SK001MC,2001,292,
SK001MC,2000,301,
SK001MC,1999,300.5,
SK001MC,1998,301.2,
SK001MC,1997,301.5,
SK002M,2016,119,
SK002M,2013,119,
SK002M,2012,117,
SK002M,2011,117,
SK002M,2010,115,
SK002M,2009,115,
SK002M,2008,115,
SK002M,2007,115,
SK002M,2006,114,
SK002M,2005,114,
SK002M,2004,114,
SK002M,2003,114,
SK002M,2002,114,
SK002M,2001,113,
SK002M,2000,113,
SK002M,1999,113.1,
SK002M,1998,112.9,
SK002M,1997,112.5,
SK_NM,2016,100,
SK_NM,2013,100,
SK_NM,2012,100,
SK_NM,2011,100,
SK_NM,2010,100,
SK_NM,2009,100,
SK_NM,2008,100,
SK_NM,2007,100,
SK_NM,2006,100,
SK_NM,2005,100,
SK_NM,2004,100,
SK_NM,2003,100,
SK_NM,2002,100,
SK_NM,2001,100,
SK_NM,2000,100,
TR,2016,103,
TR,2013,99,
UK,2016,270,
UK,2013,264,
UK001MC,2016,1405,
UK001MC,2013,1355,
UK001MC,2012,1340,
UK001MC,2011,1326,
UK001MC,2010,1307,
UK001MC,2009,1290,
UK001MC,2008,1273,
UK001MC,2007,1256,
UK001MC,2006,1241,
UK001MC,2005,1229,
UK001MC,2004,1217,
UK001MC,2003,1211,
UK001MC,2002,1208,
UK001MC,2001,1201,
UK001MC,2000,1191,
UK001MC,1999,1004.2,
UK001MC,1998,995.0,
UK001MC,1997,988.0,
UK001MC,1996,982.2,
UK001MC,1995,976.5,
UK001MC,1994,971.6,
UK001MC,1993,968.0,
UK001MC,1992,965.8,
UK001MC,1991,963.7,
UK001MC,1990,960.3,
UK002M,2016,3136,
UK002M,2013,3055,
UK002M,2012,3037,
UK002M,2011,3017,
UK002M,2010,2988,
UK002M,2009,2962,
UK002M,2008,2939,
UK002M,2007,2915,
UK002M,2006,2896,
UK002M,2005,2881,
UK002M,2004,2859,
UK002M,2003,2845,
UK002M,2002,2833,
UK002M,2001,2822,
UK002M,2000,2825,
UK003M,2016,194,
UK003M,2013,1903,
UK003M,2012,1220,
UK003M,2011,1210,
UK003M,2010,1206,
UK003M,2009,1200,
UK003M,2008,1196,
UK003M,2007,1192,
UK003M,2006,1186,
UK003M,2005,1184,
UK003M,2004,1169,
UK003M,2003,1163,
UK003M,2002,1159,
UK003M,2001,1158,
UK003M,2000,1154,
UK004M,2016,499,
UK004M,2013,492,
UK004M,2012,490,
UK004M,2011,490,
UK004M,2010,488,
UK004M,2009,486,
UK004M,2008,483,
UK004M,2007,481,
UK004M,2006,479,
UK004M,2005,479,
UK004M,2004,479,
UK004M,2003,479,
UK004M,2002,480,
UK004M,2001,480,
UK004M,2000,480,
UK004M,1999,494.8,
UK004M,1998,496.1,
UK004M,1997,496.1,
UK004M,1996,497.3,
UK004M,1995,498.8,
UK004M,1994,499.8,
UK004M,1993,499.6,
UK004M,1992,499.9,
UK004M,1991,501.5,
UK004M,1990,502.9,
UK005M,2016,1456,
UK005M,2013,1437,
UK005M,2012,1433,
UK005M,2011,1427,
UK005M,2010,1414,
UK005M,2009,1397,
UK005M,2008,1384,
UK005M,2007,1367,
UK005M,2006,1354,
UK005M,2005,1340,
UK005M,2004,1324,
UK005M,2003,1307,
UK005M,2002,1296,
UK005M,2001,1285,
UK005M,2000,1275,
UK005M,1999,1275.2,
UK005M,1998,1277.3,
UK005M,1997,1280.8,
UK005M,1996,1284.0,
UK005M,1995,1285.7,
UK005M,1994,1285.5,
UK005M,1993,1283.7,
UK005M,1992,1281.5,
UK005M,1991,1278.3,
UK005M,1990,1273.8,
UK006M,2016,577,
UK006M,2013,2762,
UK006M,2012,2088,
UK006M,2011,2081,
UK006M,2010,2072,
UK006M,2009,2066,
UK006M,2008,2061,
UK006M,2007,2058,
UK006M,2006,2057,
UK006M,2005,2057,
UK006M,2004,2054,
UK006M,2003,2051,
UK006M,2002,2052,
UK006M,2001,2054,
UK006M,2000,2062,
UK007M,2016,510,
UK007M,2013,492,
UK007M,2012,490,
UK007M,2011,485,
UK007M,2010,479,
UK007M,2009,473,
UK007M,2008,469,
UK007M,2007,465,
UK007M,2006,460,
UK007M,2005,457,
UK007M,2004,454,
UK007M,2003,452,
UK007M,2002,452,
UK007M,2001,452,
UK007M,2000,450,
UK007M,1999,451.6,
UK007M,1998,448.8,
UK007M,1997,448.6,
UK007M,1996,446.1,
UK007M,1995,444.3,
UK007M,1994,440.7,
UK007M,1993,437.9,
UK007M,1992,435.3,
UK007M,1991,435.6,
UK007M,1990,435.2,
UK008M,2016,816,
UK008M,2013,1079,
UK008M,2012,963,
UK008M,2011,957,
UK008M,2010,949,
UK008M,2009,942,
UK008M,2008,935,
UK008M,2007,928,
UK008M,2006,922,
UK008M,2005,916,
UK008M,2004,910,
UK008M,2003,906,
UK008M,2002,901,
UK008M,2001,899,
UK008M,2000,898,
UK008M,1999,1972.8,
UK008M,1998,1975.2,
UK008M,1997,1978.3,
UK008M,1996,1983.7,
UK008M,1995,1990.1,
UK008M,1994,1995.0,
UK008M,1993,1998.2,
UK008M,1992,1999.8,
UK008M,1991,1999.3,
UK008M,1990,1996.1,
UK009M,2016,743,
UK009M,2013,734,
UK009M,2012,730,
UK009M,2011,728,
UK009M,2010,724,
UK009M,2009,721,
UK009M,2008,716,
UK009M,2007,712,
UK009M,2006,706,
UK009M,2005,703,
UK009M,2004,699,
UK009M,2003,693,
UK009M,2002,692,
UK009M,2001,689,
UK009M,2000,692,
UK009M,1999,691.1,
UK009M,1998,690.8,
UK009M,1997,690.1,
UK009M,1996,688.7,
UK009M,1995,687.4,
UK009M,1994,687.3,
UK009M,1993,687.7,
UK009M,1992,687.5,
UK009M,1991,686.8,
UK009M,1990,684.9,
UK010M,2016,1560,
UK010M,2013,1522,
UK010M,2012,1514,
UK010M,2011,1500,
UK010M,2010,1481,
UK010M,2009,1462,
UK010M,2008,1451,
UK010M,2007,1441,
UK010M,2006,1435,
UK010M,2005,1430,
UK010M,2004,1413,
UK010M,2003,1400,
UK010M,2002,1397,
UK010M,2001,1394,
UK010M,2000,1400,
UK010M,1999,1403.0,
UK010M,1998,1405.8,
UK010M,1997,1407.0,
UK010M,1996,1406.9,
UK010M,1995,1406.6,
UK010M,1994,1409.7,
UK010M,1993,1413.9,
UK010M,1992,1414.9,
UK010M,1991,1414.4,
UK010M,1990,1415.6,
UK011M,2016,852,
UK011M,2013,824,
UK011M,2012,814,
UK011M,2011,807,
UK011M,2010,801,
UK011M,2009,795,
UK011M,2008,790,
UK011M,2007,785,
UK011M,2006,777,
UK011M,2005,772,
UK011M,2004,762,
UK011M,2003,756,
UK011M,2002,752,
UK011M,2001,750,
UK011M,2000,747,
UK011M,1999,743.5,
UK011M,1998,739.0,
UK011M,1997,734.6,
UK011M,1996,731.5,
UK011M,1995,729.9,
UK011M,1994,728.3,
UK011M,1993,725.8,
UK011M,1992,723.4,
UK011M,1991,721.1,
UK011M,1990,719.3,
UK012M,2016,439,
UK012M,2013,812,
UK012M,2012,711,
UK012M,2011,709,
UK012M,2010,707,
UK012M,2009,702,
UK012M,2008,698,
UK012M,2007,692,
UK012M,2006,689,
UK012M,2005,687,
UK012M,2004,684,
UK012M,2003,683,
UK012M,2002,683,
UK012M,2001,682,
UK012M,2000,686,
UK012M,1999,687.4,
UK012M,1998,689.8,
UK012M,1997,690.4,
UK012M,1996,688.4,
UK012M,1995,685.6,
UK012M,1994,683.6,
UK012M,1993,681.8,
UK012M,1992,678.4,
UK012M,1991,673.8,
UK012M,1990,670.7,
UK013M,2016,215,
UK013M,2013,213,
UK013M,2012,212,
UK013M,2011,211,
UK013M,2010,210,
UK013M,2009,209,
UK013M,2008,208,
UK013M,2007,208,
UK013M,2006,207,
UK013M,2005,206,
UK013M,2004,206,
UK013M,2003,205,
UK013M,2002,205,
UK013M,2001,205,
UK013M,2000,205,
UK013M,1999,206.0,
UK013M,1998,207.0,
UK013M,1997,208.0,
UK013M,1996,208.7,
UK013M,1995,209.2,
UK013M,1994,209.8,
UK013M,1993,210.1,
UK013M,1992,209.9,
UK013M,1991,209.5,
UK013M,1990,209.4,
UK014M,2016,449,
UK014M,2013,436,
UK014M,2012,433,
UK014M,2011,430,
UK014M,2010,426,
UK014M,2009,423,
UK014M,2008,420,
UK014M,2007,417,
UK014M,2006,413,
UK014M,2005,410,
UK014M,2004,406,
UK014M,2003,403,
UK014M,2002,400,
UK014M,2001,398,
UK014M,2000,397,
UK014M,1999,362.7,
UK014M,1998,361.7,
UK014M,1997,361.5,
UK014M,1996,361.1,
UK014M,1995,359.7,
UK014M,1994,357.7,
UK014M,1993,355.4,
UK014M,1992,352.7,
UK014M,1991,350.2,
UK014M,1990,348.2,
UK016M,2016,76,
UK016M,2013,75,
UK016M,2012,74,
UK016M,2011,73,
UK016M,2010,72,
UK016M,2009,72,
UK016M,2008,71,
UK016M,2007,70,
UK016M,2006,69,
UK016M,2005,69,
UK016M,2004,68,
UK016M,2003,68,
UK016M,2002,68,
UK016M,2001,68,
UK016M,2000,68,
UK017M,2016,212,
UK017M,1999,179.9,
UK017M,1998,178.6,
UK017M,1997,176.7,
UK017M,1996,174.2,
UK017M,1995,171.9,
UK017M,1994,170.6,
UK017M,1993,170.1,
UK017M,1992,169.2,
UK017M,1991,167.5,
UK017M,1990,165.2,
UK018M,2016,119,
UK018M,2013,115,
UK018M,2012,115,
UK018M,2011,114,
UK018M,2010,113,
UK018M,2009,113,
UK018M,2008,113,
UK018M,2007,112,
UK018M,2006,111,
UK018M,2005,111,
UK018M,2004,110,
UK018M,2003,109,
UK018M,2002,108,
UK018M,2001,108,
UK018M,2000,107,
UK018M,1999,105.6,
UK018M,1998,104.7,
UK018M,1997,103.8,
UK018M,1996,103.0,
UK018M,1995,102.5,
UK018M,1994,102.1,
UK018M,1993,101.5,
UK018M,1992,100.9,
UK018M,1991,100.4,
UK018M,1990,99.8,
UK023M,2016,2429,
UK023M,2013,2378,
UK023M,2012,2364,
UK023M,2011,2346,
UK023M,2010,2328,
UK023M,2009,2302,
UK023M,2008,2280,
UK023M,2007,2266,
UK023M,2006,2255,
UK023M,2005,2244,
UK023M,2004,2229,
UK023M,2003,2215,
UK023M,2002,2204,
UK023M,2001,2200,
UK023M,2000,2197,
UK023M,1999,4655.3,
UK023M,1998,4673.6,
UK023M,1997,4686.2,
UK023M,1996,4685.4,
UK023M,1995,4672.4,
UK023M,1994,4653.0,
UK023M,1993,4641.8,
UK023M,1992,4636.3,
UK023M,1991,4623.9,
UK023M,1990,4610.2,
UK025M,2016,440,
UK025M,2013,423,
UK025M,2012,420,
UK025M,2011,417,
UK025M,2010,413,
UK025M,2009,409,
UK025M,2008,407,
UK025M,2007,403,
UK025M,2006,400,
UK025M,2005,396,
UK025M,2004,394,
UK025M,2003,393,
UK025M,2002,392,
UK025M,2001,390,
UK025M,2000,388,
UK025M,1999,387.8,
UK025M,1998,387.5,
UK025M,1997,386.8,
UK025M,1996,385.9,
UK025M,1995,384.5,
UK025M,1994,383.1,
UK025M,1993,382.4,
UK025M,1992,382.0,
UK025M,1991,381.5,
UK025M,1990,381.3,
UK026M,2016,242,
UK026M,2013,239,
UK026M,2012,239,
UK026M,2011,238,
UK026M,2010,238,
UK026M,2009,238,
UK026M,2008,238,
UK026M,2007,237,
UK026M,2006,236,
UK026M,2005,235,
UK026M,2004,233,
UK026M,2003,231,
UK026M,2002,229,
UK026M,2001,228,
UK026M,2000,227,
UK026M,1999,227.9,
UK026M,1998,228.5,
UK026M,1997,228.9,
UK026M,1996,229.5,
UK026M,1995,229.8,
UK026M,1994,229.1,
UK026M,1993,227.8,
UK026M,1992,226.4,
UK026M,1991,225.1,
UK026M,1990,223.6,
UK027M,2016,413,
UK027M,2013,408,
UK027M,2012,406,
UK027M,2011,405,
UK027M,2010,402,
UK027M,2009,401,
UK027M,2008,399,
UK027M,2007,397,
UK027M,2006,394,
UK027M,2005,392,
UK027M,2004,391,
UK027M,2003,389,
UK027M,2002,387,
UK027M,2001,386,
UK027M,2000,385,
UK027M,1999,386.1,
UK027M,1998,386.4,
UK027M,1997,386.1,
UK027M,1996,385.4,
UK027M,1995,385.3,
UK027M,1994,385.0,
UK027M,1993,384.6,
UK027M,1992,384.1,
UK027M,1991,383.4,
UK027M,1990,382.3,
UK029M,2016,4333,
UK029M,2013,4147,
UK029M,2012,4142,
UK029M,2011,4075,
UK029M,2010,4021,
UK029M,2009,3954,
UK029M,2008,3901,
UK029M,2007,3861,
UK029M,2006,3834,
UK029M,2005,3820,
UK029M,2004,3753,
UK029M,2003,3700,
UK029M,2002,3646,
UK029M,2001,3606,
UK029M,2000,3633,
UK029M,1999,388.3,
UK029M,1998,388.1,
UK029M,1997,387.3,
UK029M,1996,386.3,
UK029M,1995,385.6,
UK029M,1994,384.9,
UK029M,1993,384.1,
UK029M,1992,383.1,
UK029M,1991,381.7,
UK029M,1990,380.4,
UK501M,2016,833,
UK501M,2013,820,
UK501M,2012,817,
UK501M,2011,812,
UK501M,2010,804,
UK501M,2009,799,
UK501M,2008,794,
UK501M,2007,786,
UK501M,2006,779,
UK501M,2005,773,
UK501M,2004,768,
UK501M,2003,761,
UK501M,2002,757,
UK501M,2001,752,
UK501M,2000,750,
UK506M,2016,685,
UK506M,2013,674,
UK506M,2012,672,
UK506M,2011,669,
UK506M,2010,666,
UK506M,2009,663,
UK506M,2008,660,
UK506M,2007,656,
UK506M,2006,652,
UK506M,2005,648,
UK506M,2004,645,
UK506M,2003,643,
UK506M,2002,640,
UK506M,2001,636,
UK506M,2000,635,
UK506M,1999,636.8,
UK506M,1998,638.8,
UK506M,1997,640.8,
UK506M,1996,642.7,
UK506M,1995,644.8,
UK506M,1994,646.3,
UK506M,1993,647.4,
UK506M,1992,648.4,
UK506M,1991,649.0,
UK506M,1990,648.7,
UK510M,2016,2022,
UK510M,2013,2015,
UK510M,2012,2007,
UK510M,2011,2000,
UK510M,2010,2007,
UK510M,2009,2007,
UK510M,2008,2015,
UK510M,2007,2022,
UK510M,2006,2022,
UK510M,2005,2029,
UK510M,2004,2036,
UK510M,2003,2051,
UK510M,2002,2058,
UK510M,2001,2073,
UK510M,2000,2080,
UK510M,1999,2092.6,
UK510M,1998,2105.8,
UK510M,1997,2116.4,
UK510M,1996,2126.6,
UK510M,1995,2137.8,
UK510M,1994,2148.7,
UK510M,1993,2156.0,
UK510M,1992,2156.1,
UK510M,1991,2153.5,
UK510M,1990,2153.5,
UK513M,2016,1428,
UK513M,2013,1397,
UK513M,2012,1396,
UK513M,2011,1380,
UK513M,2010,1370,
UK513M,2009,1354,
UK513M,2008,1344,
UK513M,2007,1333,
UK513M,2006,1318,
UK513M,2005,1313,
UK513M,2004,1307,
UK513M,2003,1307,
UK513M,2002,1302,
UK513M,2001,1302,
UK513M,2000,1292,
UK515M,2016,3458,
UK515M,2013,3349,
UK515M,2012,3337,
UK515M,2011,3301,
UK515M,2010,3253,
UK515M,2009,3216,
UK515M,2008,3168,
UK515M,2007,3120,
UK515M,2006,3096,
UK515M,2005,3059,
UK515M,2004,3023,
UK515M,2003,3023,
UK515M,2002,3023,
UK515M,2001,3023,
UK515M,2000,3011,
UK515M,1999,2998.7,
UK515M,1998,2982.9,
UK515M,1997,2960.0,
UK515M,1996,2938.3,
UK515M,1995,2924.7,
UK515M,1994,2915.8,
UK515M,1993,2912.2,
UK515M,1992,2912.0,
UK515M,1991,2909.2,
UK515M,1990,2904.3,
UK516M,2016,3275,
UK517M,2016,493,
UK517M,2013,485,
UK517M,2012,485,
UK517M,2011,483,
UK517M,2010,481,
UK517M,2009,479,
UK517M,2008,477,
UK517M,2007,473,
UK517M,2006,469,
UK517M,2005,467,
UK517M,2004,464,
UK517M,2003,460,
UK517M,2002,457,
UK517M,2001,453,
UK517M,2000,454,
UK517M,1999,456.3,
UK517M,1998,457.5,
UK517M,1997,458.7,
UK517M,1996,460.2,
UK517M,1995,461.9,
UK517M,1994,463.4,
UK517M,1993,464.2,
UK517M,1992,464.6,
UK517M,1991,464.5,
UK517M,1990,464.1,
UK518M,2016,3282,
UK518M,2013,3218,
UK518M,2012,3218,
UK518M,2011,3192,
UK518M,2010,3167,
UK518M,2009,3128,
UK518M,2008,3103,
UK518M,2007,3077,
UK518M,2006,3051,
UK518M,2005,3026,
UK518M,2004,3013,
UK518M,2003,2987,
UK518M,2002,2974,
UK518M,2001,2962,
UK518M,2000,2962,
UK518M,1999,2961.0,
UK518M,1998,2958.8,
UK518M,1997,2951.0,
UK518M,1996,2936.6,
UK518M,1995,2919.0,
UK518M,1994,2902.6,
UK518M,1993,2887.1,
UK518M,1992,2871.8,
UK518M,1991,2856.6,
UK518M,1990,2840.6,
UK520M,2016,305,
UK520M,2013,15460,
UK520M,2012,4790,
UK520M,2011,4729,
UK520M,2010,4669,
UK520M,2009,4609,
UK520M,2008,4569,
UK520M,2007,4549,
UK520M,2006,4549,
UK520M,2005,4549,
UK520M,2004,4489,
UK520M,2003,4449,
UK520M,2002,4409,
UK520M,2001,4409,
UK520M,2000,4349,
UK520M,1999,4334.1,
UK520M,1998,4313.5,
UK520M,1997,4288.6,
UK520M,1996,4262.9,
UK520M,1995,4231.3,
UK520M,1994,4188.8,
UK520M,1993,4146.8,
UK520M,1992,4119.6,
UK520M,1991,4104.0,
UK520M,1990,4090.0,
UK528M,2016,287,
UK539M,2016,3099,
UK539M,2013,3036,
UK539M,2012,3021,
UK539M,2011,2994,
UK539M,2010,2940,
UK539M,2009,2885,
UK539M,2008,2849,
UK539M,2007,2822,
UK539M,2006,2777,
UK539M,2005,2759,
UK539M,2004,2732,
UK539M,2003,2732,
UK539M,2002,2741,
UK539M,2001,2723,
UK539M,2000,2714,
UK539M,1999,258.8,
UK539M,1998,257.8,
UK539M,1997,256.6,
UK539M,1996,255.1,
UK539M,1995,253.6,
UK539M,1994,251.9,
UK539M,1993,250.2,
UK539M,1992,248.8,
UK539M,1991,247.6,
UK539M,1990,246.6,
UK546M,2016,377,
UK552M,1999,632.0,
UK552M,1998,630.2,
UK552M,1997,627.6,
UK552M,1996,622.9,
UK552M,1995,616.5,
UK552M,1994,609.7,
UK552M,1993,604.4,
UK552M,1992,600.0,
UK552M,1991,596.6,
UK552M,1990,594.0,
UK553M,2016,575,
UK553M,2013,572,
UK553M,2012,572,
UK553M,2011,572,
UK553M,2010,571,
UK553M,2009,568,
UK553M,2008,567,
UK553M,2007,566,
UK553M,2006,564,
UK553M,2005,560,
UK553M,2004,557,
UK553M,2003,553,
UK553M,2002,549,
UK553M,2001,546,
UK553M,2000,547,
UK553M,1999,459.2,
UK553M,1998,459.2,
UK553M,1997,459.2,
UK553M,1996,459.4,
UK553M,1995,459.8,
UK553M,1994,459.7,
UK553M,1993,458.7,
UK553M,1992,457.3,
UK553M,1991,456.1,
UK553M,1990,454.9,
UK559M,2016,945,
UK559M,2013,936,
UK559M,2012,937,
UK559M,2011,935,
UK559M,2010,932,
UK559M,2009,930,
UK559M,2008,929,
UK559M,2007,929,
UK559M,2006,929,
UK559M,2005,929,
UK559M,2004,927,
UK559M,2003,929,
UK559M,2002,929,
UK559M,2001,929,
UK559M,2000,927,
UK559M,1999,927.6,
UK559M,1998,927.5,
UK559M,1997,928.1,
UK559M,1996,930.2,
UK559M,1995,932.5,
UK559M,1994,933.8,
UK559M,1993,933.9,
UK559M,1992,933.8,
UK559M,1991,933.3,
UK559M,1990,932.6,
UK560M,2016,260,
UK566M,2016,478,
UK566M,2013,467,
UK566M,2012,466,
UK566M,2011,462,
UK566M,2010,460,
UK566M,2009,456,
UK566M,2008,453,
UK566M,2007,450,
UK566M,2006,449,
UK566M,2005,445,
UK566M,2004,441,
UK566M,2003,439,
UK566M,2002,435,
UK566M,2001,433,
UK566M,2000,431,
UK566M,1999,146.5,
UK566M,1998,145.4,
UK566M,1997,144.3,
UK566M,1996,143.3,
UK566M,1995,142.6,
UK566M,1994,142.0,
UK566M,1993,141.5,
UK566M,1992,141.0,
UK566M,1991,140.3,
UK566M,1990,139.4,
UK568M,2016,337,
UK568M,2013,334,
UK568M,2012,333,
UK568M,2011,333,
UK568M,2010,332,
UK568M,2009,330,
UK568M,2008,330,
UK568M,2007,329,
UK568M,2006,327,
UK568M,2005,326,
UK568M,2004,325,
UK568M,2003,324,
UK568M,2002,323,
UK568M,2001,322,
UK568M,2000,321,
UK569M,2016,198,
UK569M,2013,194,
UK569M,2012,193,
UK569M,2011,192,
UK569M,2010,191,
UK569M,2009,189,
UK569M,2008,188,
UK569M,2007,187,
UK569M,2006,185,
UK569M,2005,184,
UK569M,2004,181,
UK569M,2003,179,
UK569M,2002,178,
UK569M,2001,176,
UK569M,2000,177,
UK_NM,2016,116,
UK_NM,2013,98,
UK_NM,2012,123,
UK_NM,2011,123,
UK_NM,2010,122,
UK_NM,2009,121,
UK_NM,2008,120,
UK_NM,2007,119,
UK_NM,2006,118,
UK_NM,2005,118,
UK_NM,2004,117,
UK_NM,2003,116,
UK_NM,2002,115,
UK_NM,2001,115,
UK_NM,2000,114,
