codeValue,name,state
CT0100820000000,"Alabaster, AL",ST0100000000000
CT0101852000000,"Anniston, AL",ST0100000000000
CT0102956000000,"Athens, AL",ST0100000000000
CT0103076000000,"Auburn, AL",ST0100000000000
CT0105980000000,"Bessemer, AL",ST0100000000000
CT0107000000000,"Birmingham, AL",ST0100000000000
CT0119648000000,"Daphne, AL",ST0100000000000
CT0120104000000,"Decatur, AL",ST0100000000000
CT0121184000000,"Dothan, AL",ST0100000000000
CT0124184000000,"Enterprise, AL",ST0100000000000
CT0126896000000,"Florence, AL",ST0100000000000
CT0128696000000,"Gadsden, AL",ST0100000000000
CT0135800000000,"Homewood, AL",ST0100000000000
CT0135896000000,"Hoover, AL",ST0100000000000
CT0137000000000,"Huntsville, AL",ST0100000000000
CT0145784000000,"Madison, AL",ST0100000000000
CT0150000000000,"Mobile, AL",ST0100000000000
CT0151000000000,"Montgomery, AL",ST0100000000000
CT0155200000000,"Northport, AL",ST0100000000000
CT0157048000000,"Opelika, AL",ST0100000000000
CT0159472000000,"Phenix City, AL",ST0100000000000
CT0162328000000,"Prattville, AL",ST0100000000000
CT0162496000000,"Prichard, AL",ST0100000000000
CT0169120000000,"Selma, AL",ST0100000000000
CT0177256000000,"Tuscaloosa, AL",ST0100000000000
CT0178552000000,"Vestavia Hills, AL",ST0100000000000
CT0203000000000,"Anchorage, AK",ST0200000000000
CT0224230000000,"Fairbanks, AK",ST0200000000000
CT0236400000000,"Juneau, AK",ST0200000000000
CT0270540000000,"Sitka, AK",ST0200000000000
CT0286380000000,"Wrangell, AK",ST0200000000000
CT0402830000000,"Apache Junction, AZ",ST0400000000000
CT0404720000000,"Avondale, AZ",ST0400000000000
CT0407940000000,"Buckeye, AZ",ST0400000000000
CT0408220000000,"Bullhead City, AZ",ST0400000000000
CT0410530000000,"Casa Grande, AZ",ST0400000000000
CT0412000000000,"Chandler, AZ",ST0400000000000
CT0422220000000,"El Mirage, AZ",ST0400000000000
CT0423620000000,"Flagstaff, AZ",ST0400000000000
CT0423760000000,"Florence, AZ",ST0400000000000
CT0425300000000,"Fountain Hills, AZ",ST0400000000000
CT0427400000000,"Gilbert, AZ",ST0400000000000
CT0427820000000,"Glendale, AZ",ST0400000000000
CT0428380000000,"Goodyear, AZ",ST0400000000000
CT0437620000000,"Kingman, AZ",ST0400000000000
CT0439370000000,"Lake Havasu City, AZ",ST0400000000000
CT0444270000000,"Marana, AZ",ST0400000000000
CT0444410000000,"Maricopa, AZ",ST0400000000000
CT0446000000000,"Mesa, AZ",ST0400000000000
CT0451600000000,"Oro Valley, AZ",ST0400000000000
CT0454050000000,"Peoria, AZ",ST0400000000000
CT0455000000000,"Phoenix, AZ",ST0400000000000
CT0457380000000,"Prescott, AZ",ST0400000000000
CT0457450000000,"Prescott Valley, AZ",ST0400000000000
CT0458150000000,"Queen Creek, AZ",ST0400000000000
CT0462140000000,"Sahuarita, AZ",ST0400000000000
CT0463470000000,"San Luis, AZ",ST0400000000000
CT0465000000000,"Scottsdale, AZ",ST0400000000000
CT0466820000000,"Sierra Vista, AZ",ST0400000000000
CT0471510000000,"Surprise, AZ",ST0400000000000
CT0473000000000,"Tempe, AZ",ST0400000000000
CT0477000000000,"Tucson, AZ",ST0400000000000
CT0485540000000,"Yuma, AZ",ST0400000000000
CT0504840000000,"Bella Vista, AR",ST0500000000000
CT0505290000000,"Benton, AR",ST0500000000000
CT0505320000000,"Bentonville, AR",ST0500000000000
CT0510300000000,"Cabot, AR",ST0500000000000
CT0515190000000,"Conway, AR",ST0500000000000
CT0523290000000,"Fayetteville, AR",ST0500000000000
CT0524550000000,"Fort Smith, AR",ST0500000000000
CT0533400000000,"Hot Springs, AR",ST0500000000000
CT0534750000000,"Jacksonville, AR",ST0500000000000
CT0535710000000,"Jonesboro, AR",ST0500000000000
CT0541000000000,"Little Rock, AR",ST0500000000000
CT0550450000000,"North Little Rock, AR",ST0500000000000
CT0553390000000,"Paragould, AR",ST0500000000000
CT0555310000000,"Pine Bluff, AR",ST0500000000000
CT0560410000000,"Rogers, AR",ST0500000000000
CT0561670000000,"Russellville, AR",ST0500000000000
CT0563800000000,"Sherwood, AR",ST0500000000000
CT0566080000000,"Springdale, AR",ST0500000000000
CT0568810000000,"Texarkana, AR",ST0500000000000
CT0574540000000,"West Memphis, AR",ST0500000000000
CT0600296000000,"Adelanto, CA",ST0600000000000
CT0600394000000,"Agoura Hills, CA",ST0600000000000
CT0600562000000,"Alameda, CA",ST0600000000000
CT0600884000000,"Alhambra, CA",ST0600000000000
CT0600947000000,"Aliso Viejo, CA",ST0600000000000
CT0602000000000,"Anaheim, CA",ST0600000000000
CT0602252000000,"Antioch, CA",ST0600000000000
CT0602364000000,"Apple Valley, CA",ST0600000000000
CT0602462000000,"Arcadia, CA",ST0600000000000
CT0603064000000,"Atascadero, CA",ST0600000000000
CT0603162000000,"Atwater, CA",ST0600000000000
CT0603386000000,"Azusa, CA",ST0600000000000
CT0603526000000,"Bakersfield, CA",ST0600000000000
CT0603666000000,"Baldwin Park, CA",ST0600000000000
CT0603820000000,"Banning, CA",ST0600000000000
CT0604758000000,"Beaumont, CA",ST0600000000000
CT0604870000000,"Bell, CA",ST0600000000000
CT0604982000000,"Bellflower, CA",ST0600000000000
CT0604996000000,"Bell Gardens, CA",ST0600000000000
CT0605108000000,"Belmont, CA",ST0600000000000
CT0605290000000,"Benicia, CA",ST0600000000000
CT0606000000000,"Berkeley, CA",ST0600000000000
CT0606308000000,"Beverly Hills, CA",ST0600000000000
CT0608058000000,"Brawley, CA",ST0600000000000
CT0608100000000,"Brea, CA",ST0600000000000
CT0608142000000,"Brentwood, CA",ST0600000000000
CT0608786000000,"Buena Park, CA",ST0600000000000
CT0608954000000,"Burbank, CA",ST0600000000000
CT0609066000000,"Burlingame, CA",ST0600000000000
CT0609710000000,"Calexico, CA",ST0600000000000
CT0610046000000,"Camarillo, CA",ST0600000000000
CT0610345000000,"Campbell, CA",ST0600000000000
CT0611194000000,"Carlsbad, CA",ST0600000000000
CT0611530000000,"Carson, CA",ST0600000000000
CT0612048000000,"Cathedral City, CA",ST0600000000000
CT0612524000000,"Ceres, CA",ST0600000000000
CT0612552000000,"Cerritos, CA",ST0600000000000
CT0613014000000,"Chico, CA",ST0600000000000
CT0613210000000,"Chino, CA",ST0600000000000
CT0613214000000,"Chino Hills, CA",ST0600000000000
CT0613392000000,"Chula Vista, CA",ST0600000000000
CT0613588000000,"Citrus Heights, CA",ST0600000000000
CT0613756000000,"Claremont, CA",ST0600000000000
CT0614218000000,"Clovis, CA",ST0600000000000
CT0614260000000,"Coachella, CA",ST0600000000000
CT0614890000000,"Colton, CA",ST0600000000000
CT0615044000000,"Compton, CA",ST0600000000000
CT0616000000000,"Concord, CA",ST0600000000000
CT0616224000000,"Corcoran, CA",ST0600000000000
CT0616350000000,"Corona, CA",ST0600000000000
CT0616378000000,"Coronado, CA",ST0600000000000
CT0616532000000,"Costa Mesa, CA",ST0600000000000
CT0616742000000,"Covina, CA",ST0600000000000
CT0617498000000,"Cudahy, CA",ST0600000000000
CT0617568000000,"Culver City, CA",ST0600000000000
CT0617610000000,"Cupertino, CA",ST0600000000000
CT0617750000000,"Cypress, CA",ST0600000000000
CT0617918000000,"Daly City, CA",ST0600000000000
CT0617946000000,"Dana Point, CA",ST0600000000000
CT0617988000000,"Danville, CA",ST0600000000000
CT0618100000000,"Davis, CA",ST0600000000000
CT0618394000000,"Delano, CA",ST0600000000000
CT0618996000000,"Desert Hot Springs, CA",ST0600000000000
CT0619192000000,"Diamond Bar, CA",ST0600000000000
CT0619766000000,"Downey, CA",ST0600000000000
CT0620018000000,"Dublin, CA",ST0600000000000
CT0620956000000,"East Palo Alto, CA",ST0600000000000
CT0621230000000,"Eastvale, CA",ST0600000000000
CT0621712000000,"El Cajon, CA",ST0600000000000
CT0621782000000,"El Centro, CA",ST0600000000000
CT0621796000000,"El Cerrito, CA",ST0600000000000
CT0622020000000,"Elk Grove, CA",ST0600000000000
CT0622230000000,"El Monte, CA",ST0600000000000
CT0622300000000,"El Paso de Robles (Paso Robles), CA",ST0600000000000
CT0622678000000,"Encinitas, CA",ST0600000000000
CT0622804000000,"Escondido, CA",ST0600000000000
CT0623042000000,"Eureka, CA",ST0600000000000
CT0623182000000,"Fairfield, CA",ST0600000000000
CT0624638000000,"Folsom, CA",ST0600000000000
CT0624680000000,"Fontana, CA",ST0600000000000
CT0625338000000,"Foster City, CA",ST0600000000000
CT0625380000000,"Fountain Valley, CA",ST0600000000000
CT0626000000000,"Fremont, CA",ST0600000000000
CT0627000000000,"Fresno, CA",ST0600000000000
CT0628000000000,"Fullerton, CA",ST0600000000000
CT0628112000000,"Galt, CA",ST0600000000000
CT0628168000000,"Gardena, CA",ST0600000000000
CT0629000000000,"Garden Grove, CA",ST0600000000000
CT0629504000000,"Gilroy, CA",ST0600000000000
CT0630000000000,"Glendale, CA",ST0600000000000
CT0630014000000,"Glendora, CA",ST0600000000000
CT0630378000000,"Goleta, CA",ST0600000000000
CT0631960000000,"Hanford, CA",ST0600000000000
CT0632548000000,"Hawthorne, CA",ST0600000000000
CT0633000000000,"Hayward, CA",ST0600000000000
CT0633182000000,"Hemet, CA",ST0600000000000
CT0633308000000,"Hercules, CA",ST0600000000000
CT0633434000000,"Hesperia, CA",ST0600000000000
CT0633588000000,"Highland, CA",ST0600000000000
CT0634120000000,"Hollister, CA",ST0600000000000
CT0636000000000,"Huntington Beach, CA",ST0600000000000
CT0636056000000,"Huntington Park, CA",ST0600000000000
CT0636294000000,"Imperial Beach, CA",ST0600000000000
CT0636448000000,"Indio, CA",ST0600000000000
CT0636546000000,"Inglewood, CA",ST0600000000000
CT0636770000000,"Irvine, CA",ST0600000000000
CT0637692000000,"Jurupa Valley, CA",ST0600000000000
CT0639122000000,"Lafayette, CA",ST0600000000000
CT0639178000000,"Laguna Beach, CA",ST0600000000000
CT0639220000000,"Laguna Hills, CA",ST0600000000000
CT0639248000000,"Laguna Niguel, CA",ST0600000000000
CT0639290000000,"La Habra, CA",ST0600000000000
CT0639486000000,"Lake Elsinore, CA",ST0600000000000
CT0639496000000,"Lake Forest, CA",ST0600000000000
CT0639892000000,"Lakewood, CA",ST0600000000000
CT0640004000000,"La Mesa, CA",ST0600000000000
CT0640032000000,"La Mirada, CA",ST0600000000000
CT0640130000000,"Lancaster, CA",ST0600000000000
CT0640340000000,"La Puente, CA",ST0600000000000
CT0640354000000,"La Quinta, CA",ST0600000000000
CT0640830000000,"La Verne, CA",ST0600000000000
CT0640886000000,"Lawndale, CA",ST0600000000000
CT0641124000000,"Lemon Grove, CA",ST0600000000000
CT0641152000000,"Lemoore, CA",ST0600000000000
CT0641474000000,"Lincoln, CA",ST0600000000000
CT0641992000000,"Livermore, CA",ST0600000000000
CT0642202000000,"Lodi, CA",ST0600000000000
CT0642524000000,"Lompoc, CA",ST0600000000000
CT0643000000000,"Long Beach, CA",ST0600000000000
CT0643280000000,"Los Altos, CA",ST0600000000000
CT0644000000000,"Los Angeles, CA",ST0600000000000
CT0644028000000,"Los Banos, CA",ST0600000000000
CT0644112000000,"Los Gatos, CA",ST0600000000000
CT0644574000000,"Lynwood, CA",ST0600000000000
CT0645022000000,"Madera, CA",ST0600000000000
CT0645400000000,"Manhattan Beach, CA",ST0600000000000
CT0645484000000,"Manteca, CA",ST0600000000000
CT0645778000000,"Marina, CA",ST0600000000000
CT0646114000000,"Martinez, CA",ST0600000000000
CT0646492000000,"Maywood, CA",ST0600000000000
CT0646842000000,"Menifee, CA",ST0600000000000
CT0646870000000,"Menlo Park, CA",ST0600000000000
CT0646898000000,"Merced, CA",ST0600000000000
CT0647766000000,"Milpitas, CA",ST0600000000000
CT0648256000000,"Mission Viejo, CA",ST0600000000000
CT0648354000000,"Modesto, CA",ST0600000000000
CT0648648000000,"Monrovia, CA",ST0600000000000
CT0648788000000,"Montclair, CA",ST0600000000000
CT0648816000000,"Montebello, CA",ST0600000000000
CT0648872000000,"Monterey, CA",ST0600000000000
CT0648914000000,"Monterey Park, CA",ST0600000000000
CT0649138000000,"Moorpark, CA",ST0600000000000
CT0649270000000,"Moreno Valley, CA",ST0600000000000
CT0649278000000,"Morgan Hill, CA",ST0600000000000
CT0649670000000,"Mountain View, CA",ST0600000000000
CT0650076000000,"Murrieta, CA",ST0600000000000
CT0650258000000,"Napa, CA",ST0600000000000
CT0650398000000,"National City, CA",ST0600000000000
CT0650916000000,"Newark, CA",ST0600000000000
CT0651182000000,"Newport Beach, CA",ST0600000000000
CT0651560000000,"Norco, CA",ST0600000000000
CT0652526000000,"Norwalk, CA",ST0600000000000
CT0652582000000,"Novato, CA",ST0600000000000
CT0653000000000,"Oakland, CA",ST0600000000000
CT0653070000000,"Oakley, CA",ST0600000000000
CT0653322000000,"Oceanside, CA",ST0600000000000
CT0653896000000,"Ontario, CA",ST0600000000000
CT0653980000000,"Orange, CA",ST0600000000000
CT0654652000000,"Oxnard, CA",ST0600000000000
CT0654806000000,"Pacifica, CA",ST0600000000000
CT0655156000000,"Palmdale, CA",ST0600000000000
CT0655184000000,"Palm Desert, CA",ST0600000000000
CT0655254000000,"Palm Springs, CA",ST0600000000000
CT0655282000000,"Palo Alto, CA",ST0600000000000
CT0655520000000,"Paradise, CA",ST0600000000000
CT0655618000000,"Paramount, CA",ST0600000000000
CT0656000000000,"Pasadena, CA",ST0600000000000
CT0656700000000,"Perris, CA",ST0600000000000
CT0656784000000,"Petaluma, CA",ST0600000000000
CT0656924000000,"Pico Rivera, CA",ST0600000000000
CT0657456000000,"Pittsburg, CA",ST0600000000000
CT0657526000000,"Placentia, CA",ST0600000000000
CT0657764000000,"Pleasant Hill, CA",ST0600000000000
CT0657792000000,"Pleasanton, CA",ST0600000000000
CT0658072000000,"Pomona, CA",ST0600000000000
CT0658240000000,"Porterville, CA",ST0600000000000
CT0658520000000,"Poway, CA",ST0600000000000
CT0659444000000,"Rancho Cordova, CA",ST0600000000000
CT0659451000000,"Rancho Cucamonga, CA",ST0600000000000
CT0659514000000,"Rancho Palos Verdes, CA",ST0600000000000
CT0659587000000,"Rancho Santa Margarita, CA",ST0600000000000
CT0659920000000,"Redding, CA",ST0600000000000
CT0659962000000,"Redlands, CA",ST0600000000000
CT0660018000000,"Redondo Beach, CA",ST0600000000000
CT0660102000000,"Redwood City, CA",ST0600000000000
CT0660242000000,"Reedley, CA",ST0600000000000
CT0660466000000,"Rialto, CA",ST0600000000000
CT0660620000000,"Richmond, CA",ST0600000000000
CT0660704000000,"Ridgecrest, CA",ST0600000000000
CT0662000000000,"Riverside, CA",ST0600000000000
CT0662364000000,"Rocklin, CA",ST0600000000000
CT0662546000000,"Rohnert Park, CA",ST0600000000000
CT0662896000000,"Rosemead, CA",ST0600000000000
CT0662938000000,"Roseville, CA",ST0600000000000
CT0664000000000,"Sacramento, CA",ST0600000000000
CT0664224000000,"Salinas, CA",ST0600000000000
CT0665000000000,"San Bernardino, CA",ST0600000000000
CT0665028000000,"San Bruno, CA",ST0600000000000
CT0665042000000,"San Buenaventura (Ventura), CA",ST0600000000000
CT0665070000000,"San Carlos, CA",ST0600000000000
CT0665084000000,"San Clemente, CA",ST0600000000000
CT0666000000000,"San Diego, CA",ST0600000000000
CT0666070000000,"San Dimas, CA",ST0600000000000
CT0667000000000,"San Francisco, CA",ST0600000000000
CT0667042000000,"San Gabriel, CA",ST0600000000000
CT0667056000000,"Sanger, CA",ST0600000000000
CT0667112000000,"San Jacinto, CA",ST0600000000000
CT0668000000000,"San Jose, CA",ST0600000000000
CT0668028000000,"San Juan Capistrano, CA",ST0600000000000
CT0668084000000,"San Leandro, CA",ST0600000000000
CT0668154000000,"San Luis Obispo, CA",ST0600000000000
CT0668196000000,"San Marcos, CA",ST0600000000000
CT0668252000000,"San Mateo, CA",ST0600000000000
CT0668294000000,"San Pablo, CA",ST0600000000000
CT0668364000000,"San Rafael, CA",ST0600000000000
CT0668378000000,"San Ramon, CA",ST0600000000000
CT0669000000000,"Santa Ana, CA",ST0600000000000
CT0669070000000,"Santa Barbara, CA",ST0600000000000
CT0669084000000,"Santa Clara, CA",ST0600000000000
CT0669088000000,"Santa Clarita, CA",ST0600000000000
CT0669112000000,"Santa Cruz, CA",ST0600000000000
CT0669196000000,"Santa Maria, CA",ST0600000000000
CT0670000000000,"Santa Monica, CA",ST0600000000000
CT0670042000000,"Santa Paula, CA",ST0600000000000
CT0670098000000,"Santa Rosa, CA",ST0600000000000
CT0670224000000,"Santee, CA",ST0600000000000
CT0670280000000,"Saratoga, CA",ST0600000000000
CT0670686000000,"Seal Beach, CA",ST0600000000000
CT0670742000000,"Seaside, CA",ST0600000000000
CT0672016000000,"Simi Valley, CA",ST0600000000000
CT0672520000000,"Soledad, CA",ST0600000000000
CT0673080000000,"South Gate, CA",ST0600000000000
CT0673220000000,"South Pasadena, CA",ST0600000000000
CT0673262000000,"South San Francisco, CA",ST0600000000000
CT0673962000000,"Stanton, CA",ST0600000000000
CT0675000000000,"Stockton, CA",ST0600000000000
CT0675630000000,"Suisun City, CA",ST0600000000000
CT0677000000000,"Sunnyvale, CA",ST0600000000000
CT0678120000000,"Temecula, CA",ST0600000000000
CT0678148000000,"Temple City, CA",ST0600000000000
CT0678582000000,"Thousand Oaks, CA",ST0600000000000
CT0680000000000,"Torrance, CA",ST0600000000000
CT0680238000000,"Tracy, CA",ST0600000000000
CT0680644000000,"Tulare, CA",ST0600000000000
CT0680812000000,"Turlock, CA",ST0600000000000
CT0680854000000,"Tustin, CA",ST0600000000000
CT0680994000000,"Twentynine Palms, CA",ST0600000000000
CT0681204000000,"Union City, CA",ST0600000000000
CT0681344000000,"Upland, CA",ST0600000000000
CT0681554000000,"Vacaville, CA",ST0600000000000
CT0681666000000,"Vallejo, CA",ST0600000000000
CT0682590000000,"Victorville, CA",ST0600000000000
CT0682954000000,"Visalia, CA",ST0600000000000
CT0682996000000,"Vista, CA",ST0600000000000
CT0683332000000,"Walnut, CA",ST0600000000000
CT0683346000000,"Walnut Creek, CA",ST0600000000000
CT0683542000000,"Wasco, CA",ST0600000000000
CT0683668000000,"Watsonville, CA",ST0600000000000
CT0684200000000,"West Covina, CA",ST0600000000000
CT0684410000000,"West Hollywood, CA",ST0600000000000
CT0684550000000,"Westminster, CA",ST0600000000000
CT0684816000000,"West Sacramento, CA",ST0600000000000
CT0685292000000,"Whittier, CA",ST0600000000000
CT0685446000000,"Wildomar, CA",ST0600000000000
CT0685922000000,"Windsor, CA",ST0600000000000
CT0686328000000,"Woodland, CA",ST0600000000000
CT0686832000000,"Yorba Linda, CA",ST0600000000000
CT0686972000000,"Yuba City, CA",ST0600000000000
CT0687042000000,"Yucaipa, CA",ST0600000000000
CT0803455000000,"Arvada, CO",ST0800000000000
CT0804000000000,"Aurora, CO",ST0800000000000
CT0807850000000,"Boulder, CO",ST0800000000000
CT0808675000000,"Brighton, CO",ST0800000000000
CT0809280000000,"Broomfield, CO",ST0800000000000
CT0812415000000,"Castle Rock, CO",ST0800000000000
CT0812815000000,"Centennial, CO",ST0800000000000
CT0816000000000,"Colorado Springs, CO",ST0800000000000
CT0816495000000,"Commerce City, CO",ST0800000000000
CT0820000000000,"Denver, CO",ST0800000000000
CT0824785000000,"Englewood, CO",ST0800000000000
CT0827425000000,"Fort Collins, CO",ST0800000000000
CT0827865000000,"Fountain, CO",ST0800000000000
CT0831660000000,"Grand Junction, CO",ST0800000000000
CT0832155000000,"Greeley, CO",ST0800000000000
CT0841835000000,"Lafayette, CO",ST0800000000000
CT0843000000000,"Lakewood, CO",ST0800000000000
CT0845255000000,"Littleton, CO",ST0800000000000
CT0845970000000,"Longmont, CO",ST0800000000000
CT0846465000000,"Loveland, CO",ST0800000000000
CT0854330000000,"Northglenn, CO",ST0800000000000
CT0857630000000,"Parker, CO",ST0800000000000
CT0862000000000,"Pueblo, CO",ST0800000000000
CT0877290000000,"Thornton, CO",ST0800000000000
CT0883835000000,"Westminster, CO",ST0800000000000
CT0884440000000,"Wheat Ridge, CO",ST0800000000000
CT0885485000000,"Windsor, CO",ST0800000000000
CS0907310000000,"Branford, CT",ST0900000000000
CS0914160000000,"Cheshire, CT",ST0900000000000
CS0922630000000,"East Hartford, CT",ST0900000000000
CS0922910000000,"East Haven, CT",ST0900000000000
CS0925990000000,"Enfield, CT",ST0900000000000
CS0926620000000,"Fairfield, CT",ST0900000000000
CS0927600000000,"Farmington, CT",ST0900000000000
CS0931240000000,"Glastonbury, CT",ST0900000000000
CS0933620000000,"Greenwich, CT",ST0900000000000
CS0934250000000,"Groton, CT",ST0900000000000
CS0935650000000,"Hamden, CT",ST0900000000000
CS0944700000000,"Manchester, CT",ST0900000000000
CS0944910000000,"Mansfield, CT",ST0900000000000
CS0952140000000,"Newington, CT",ST0900000000000
CS0952630000000,"New Milford, CT",ST0900000000000
CS0952980000000,"Newtown, CT",ST0900000000000
CS0970550000000,"Southington, CT",ST0900000000000
CS0971390000000,"South Windsor, CT",ST0900000000000
CS0974190000000,"Stratford, CT",ST0900000000000
CS0977200000000,"Trumbull, CT",ST0900000000000
CS0978250000000,"Vernon, CT",ST0900000000000
CS0978740000000,"Wallingford, CT",ST0900000000000
CS0982590000000,"West Hartford, CT",ST0900000000000
CS0983500000000,"Westport, CT",ST0900000000000
CS0984900000000,"Wethersfield, CT",ST0900000000000
CS0986790000000,"Windham, CT",ST0900000000000
CS0987000000000,"Windsor, CT",ST0900000000000
CT0908000000000,"Bridgeport/town, CT",ST0900000000000
CT0908420000000,"Bristol/town, CT",ST0900000000000
CT0918430000000,"Danbury/town, CT",ST0900000000000
CT0937000000000,"Hartford/town, CT",ST0900000000000
CT0946450000000,"Meriden/town, CT",ST0900000000000
CT0947290000000,"Middletown/town, CT",ST0900000000000
CT0947500000000,"Milford/town, CT",ST0900000000000
CT0949880000000,"Naugatuck borough/town, CT",ST0900000000000
CT0950370000000,"New Britain/town, CT",ST0900000000000
CT0952000000000,"New Haven/town, CT",ST0900000000000
CT0952280000000,"New London/town, CT",ST0900000000000
CT0955990000000,"Norwalk/town, CT",ST0900000000000
CT0956200000000,"Norwich/town, CT",ST0900000000000
CT0968100000000,"Shelton/town, CT",ST0900000000000
CT0973000000000,"Stamford/town, CT",ST0900000000000
CT0976500000000,"Torrington/town, CT",ST0900000000000
CT0980000000000,"Waterbury/town, CT",ST0900000000000
CT0982800000000,"West Haven/town, CT",ST0900000000000
CT1021200000000,"Dover, DE",ST1000000000000
CT1050670000000,"Newark, DE",ST1000000000000
CT1077580000000,"Wilmington, DE",ST1000000000000
CT1150000000000,"Washington, DC",ST1100000000000
CT1200950000000,"Altamonte Springs, FL",ST1200000000000
CT1201700000000,"Apopka, FL",ST1200000000000
CT1202681000000,"Aventura, FL",ST1200000000000
CT1207300000000,"Boca Raton, FL",ST1200000000000
CT1207525000000,"Bonita Springs, FL",ST1200000000000
CT1207875000000,"Boynton Beach, FL",ST1200000000000
CT1207950000000,"Bradenton, FL",ST1200000000000
CT1210275000000,"Cape Coral, FL",ST1200000000000
CT1211050000000,"Casselberry, FL",ST1200000000000
CT1212875000000,"Clearwater, FL",ST1200000000000
CT1212925000000,"Clermont, FL",ST1200000000000
CT1213275000000,"Coconut Creek, FL",ST1200000000000
CT1214125000000,"Cooper City, FL",ST1200000000000
CT1214250000000,"Coral Gables, FL",ST1200000000000
CT1214400000000,"Coral Springs, FL",ST1200000000000
CT1215968000000,"Cutler Bay, FL",ST1200000000000
CT1216335000000,"Dania Beach, FL",ST1200000000000
CT1216475000000,"Davie, FL",ST1200000000000
CT1216525000000,"Daytona Beach, FL",ST1200000000000
CT1216725000000,"Deerfield Beach, FL",ST1200000000000
CT1216875000000,"DeLand, FL",ST1200000000000
CT1217100000000,"Delray Beach, FL",ST1200000000000
CT1217200000000,"Deltona, FL",ST1200000000000
CT1217935000000,"Doral, FL",ST1200000000000
CT1218575000000,"Dunedin, FL",ST1200000000000
CT1221150000000,"Estero, FL",ST1200000000000
CT1224000000000,"Fort Lauderdale, FL",ST1200000000000
CT1224125000000,"Fort Myers, FL",ST1200000000000
CT1224300000000,"Fort Pierce, FL",ST1200000000000
CT1225175000000,"Gainesville, FL",ST1200000000000
CT1227322000000,"Greenacres, FL",ST1200000000000
CT1228452000000,"Hallandale Beach, FL",ST1200000000000
CT1230000000000,"Hialeah, FL",ST1200000000000
CT1232000000000,"Hollywood, FL",ST1200000000000
CT1232275000000,"Homestead, FL",ST1200000000000
CT1235000000000,"Jacksonville, FL",ST1200000000000
CT1235875000000,"Jupiter, FL",ST1200000000000
CT1236550000000,"Key West, FL",ST1200000000000
CT1236950000000,"Kissimmee, FL",ST1200000000000
CT1238250000000,"Lakeland, FL",ST1200000000000
CT1239075000000,"Lake Worth, FL",ST1200000000000
CT1239425000000,"Largo, FL",ST1200000000000
CT1239525000000,"Lauderdale Lakes, FL",ST1200000000000
CT1239550000000,"Lauderhill, FL",ST1200000000000
CT1243125000000,"Margate, FL",ST1200000000000
CT1243975000000,"Melbourne, FL",ST1200000000000
CT1245000000000,"Miami, FL",ST1200000000000
CT1245025000000,"Miami Beach, FL",ST1200000000000
CT1245060000000,"Miami Gardens, FL",ST1200000000000
CT1245100000000,"Miami Lakes, FL",ST1200000000000
CT1245975000000,"Miramar, FL",ST1200000000000
CT1248625000000,"New Smyrna Beach, FL",ST1200000000000
CT1249425000000,"North Lauderdale, FL",ST1200000000000
CT1249450000000,"North Miami, FL",ST1200000000000
CT1249475000000,"North Miami Beach, FL",ST1200000000000
CT1249675000000,"North Port, FL",ST1200000000000
CT1250575000000,"Oakland Park, FL",ST1200000000000
CT1250750000000,"Ocala, FL",ST1200000000000
CT1251075000000,"Ocoee, FL",ST1200000000000
CT1253000000000,"Orlando, FL",ST1200000000000
CT1253150000000,"Ormond Beach, FL",ST1200000000000
CT1253575000000,"Oviedo, FL",ST1200000000000
CT1254000000000,"Palm Bay, FL",ST1200000000000
CT1254075000000,"Palm Beach Gardens, FL",ST1200000000000
CT1254200000000,"Palm Coast, FL",ST1200000000000
CT1254700000000,"Panama City, FL",ST1200000000000
CT1255125000000,"Parkland, FL",ST1200000000000
CT1255775000000,"Pembroke Pines, FL",ST1200000000000
CT1255925000000,"Pensacola, FL",ST1200000000000
CT1256975000000,"Pinellas Park, FL",ST1200000000000
CT1257425000000,"Plantation, FL",ST1200000000000
CT1257550000000,"Plant City, FL",ST1200000000000
CT1258050000000,"Pompano Beach, FL",ST1200000000000
CT1258575000000,"Port Orange, FL",ST1200000000000
CT1258715000000,"Port St. Lucie, FL",ST1200000000000
CT1260975000000,"Riviera Beach, FL",ST1200000000000
CT1261500000000,"Rockledge, FL",ST1200000000000
CT1262100000000,"Royal Palm Beach, FL",ST1200000000000
CT1262625000000,"St. Cloud, FL",ST1200000000000
CT1263000000000,"St. Petersburg, FL",ST1200000000000
CT1263650000000,"Sanford, FL",ST1200000000000
CT1264175000000,"Sarasota, FL",ST1200000000000
CT1264825000000,"Sebastian, FL",ST1200000000000
CT1269700000000,"Sunrise, FL",ST1200000000000
CT1270600000000,"Tallahassee, FL",ST1200000000000
CT1270675000000,"Tamarac, FL",ST1200000000000
CT1271000000000,"Tampa, FL",ST1200000000000
CT1271150000000,"Tarpon Springs, FL",ST1200000000000
CT1271400000000,"Temple Terrace, FL",ST1200000000000
CT1271900000000,"Titusville, FL",ST1200000000000
CT1275812000000,"Wellington, FL",ST1200000000000
CT1276582000000,"Weston, FL",ST1200000000000
CT1276600000000,"West Palm Beach, FL",ST1200000000000
CT1278250000000,"Winter Garden, FL",ST1200000000000
CT1278275000000,"Winter Haven, FL",ST1200000000000
CT1278300000000,"Winter Park, FL",ST1200000000000
CT1278325000000,"Winter Springs, FL",ST1200000000000
CT1301052000000,"Albany, GA",ST1300000000000
CT1301696000000,"Alpharetta, GA",ST1300000000000
CT1303436000000,"Athens-Clarke County, GA",ST1300000000000
CT1304000000000,"Atlanta, GA",ST1300000000000
CT1304200000000,"Augusta-Richmond County, GA",ST1300000000000
CT1310944000000,"Brookhaven, GA",ST1300000000000
CT1312988000000,"Canton, GA",ST1300000000000
CT1313492000000,"Carrollton, GA",ST1300000000000
CT1315172000000,"Chamblee, GA",ST1300000000000
CT1319000000000,"Columbus, GA",ST1300000000000
CT1321380000000,"Dalton, GA",ST1300000000000
CT1323900000000,"Douglasville, GA",ST1300000000000
CT1324600000000,"Duluth, GA",ST1300000000000
CT1324768000000,"Dunwoody, GA",ST1300000000000
CT1325720000000,"East Point, GA",ST1300000000000
CT1331908000000,"Gainesville, GA",ST1300000000000
CT1338964000000,"Hinesville, GA",ST1300000000000
CT1342425000000,"Johns Creek, GA",ST1300000000000
CT1343192000000,"Kennesaw, GA",ST1300000000000
CT1344340000000,"LaGrange, GA",ST1300000000000
CT1345488000000,"Lawrenceville, GA",ST1300000000000
CT1349008000000,"Macon-Bibb County, GA",ST1300000000000
CT1349756000000,"Marietta, GA",ST1300000000000
CT1351670000000,"Milton, GA",ST1300000000000
CT1355020000000,"Newnan, GA",ST1300000000000
CT1359724000000,"Peachtree City, GA",ST1300000000000
CT1359735000000,"Peachtree Corners, GA",ST1300000000000
CT1366668000000,"Rome, GA",ST1300000000000
CT1367284000000,"Roswell, GA",ST1300000000000
CT1368516000000,"Sandy Springs, GA",ST1300000000000
CT1369000000000,"Savannah, GA",ST1300000000000
CT1371492000000,"Smyrna, GA",ST1300000000000
CT1373256000000,"Statesboro, GA",ST1300000000000
CT1373704000000,"Stockbridge, GA",ST1300000000000
CT1377652000000,"Tucker, GA",ST1300000000000
CT1378800000000,"Valdosta, GA",ST1300000000000
CT1380508000000,"Warner Robins, GA",ST1300000000000
CT1384176000000,"Woodstock, GA",ST1300000000000
CT1516999000000,"Honolulu, HI",ST1500000000000
CT1608830000000,"Boise City, ID",ST1600000000000
CT1612250000000,"Caldwell, ID",ST1600000000000
CT1616750000000,"Coeur d'Alene, ID",ST1600000000000
CT1623410000000,"Eagle, ID",ST1600000000000
CT1639700000000,"Idaho Falls, ID",ST1600000000000
CT1646540000000,"Lewiston, ID",ST1600000000000
CT1652120000000,"Meridian, ID",ST1600000000000
CT1654550000000,"Moscow, ID",ST1600000000000
CT1656260000000,"Nampa, ID",ST1600000000000
CT1664090000000,"Pocatello, ID",ST1600000000000
CT1664810000000,"Post Falls, ID",ST1600000000000
CT1667420000000,"Rexburg, ID",ST1600000000000
CT1682810000000,"Twin Falls, ID",ST1600000000000
CT1700243000000,"Addison, IL",ST1700000000000
CT1700685000000,"Algonquin, IL",ST1700000000000
CT1701114000000,"Alton, IL",ST1700000000000
CT1702154000000,"Arlington Heights, IL",ST1700000000000
CT1703012000000,"Aurora, IL",ST1700000000000
CT1704013000000,"Bartlett, IL",ST1700000000000
CT1704078000000,"Batavia, IL",ST1700000000000
CT1704845000000,"Belleville, IL",ST1700000000000
CT1705092000000,"Belvidere, IL",ST1700000000000
CT1705573000000,"Berwyn, IL",ST1700000000000
CT1706613000000,"Bloomington, IL",ST1700000000000
CT1707133000000,"Bolingbrook, IL",ST1700000000000
CT1709447000000,"Buffalo Grove, IL",ST1700000000000
CT1709642000000,"Burbank, IL",ST1700000000000
CT1710487000000,"Calumet City, IL",ST1700000000000
CT1711163000000,"Carbondale, IL",ST1700000000000
CT1711332000000,"Carol Stream, IL",ST1700000000000
CT1711358000000,"Carpentersville, IL",ST1700000000000
CT1712385000000,"Champaign, IL",ST1700000000000
CT1714000000000,"Chicago, IL",ST1700000000000
CT1714026000000,"Chicago Heights, IL",ST1700000000000
CT1714351000000,"Cicero, IL",ST1700000000000
CT1715599000000,"Collinsville, IL",ST1700000000000
CT1717887000000,"Crystal Lake, IL",ST1700000000000
CT1718563000000,"Danville, IL",ST1700000000000
CT1718823000000,"Decatur, IL",ST1700000000000
CT1719161000000,"DeKalb, IL",ST1700000000000
CT1719642000000,"Des Plaines, IL",ST1700000000000
CT1720292000000,"Dolton, IL",ST1700000000000
CT1720591000000,"Downers Grove, IL",ST1700000000000
CT1722255000000,"East St. Louis, IL",ST1700000000000
CT1722697000000,"Edwardsville, IL",ST1700000000000
CT1723074000000,"Elgin, IL",ST1700000000000
CT1723256000000,"Elk Grove Village, IL",ST1700000000000
CT1723620000000,"Elmhurst, IL",ST1700000000000
CT1723724000000,"Elmwood Park, IL",ST1700000000000
CT1724582000000,"Evanston, IL",ST1700000000000
CT1727884000000,"Freeport, IL",ST1700000000000
CT1728326000000,"Galesburg, IL",ST1700000000000
CT1729730000000,"Glendale Heights, IL",ST1700000000000
CT1729756000000,"Glen Ellyn, IL",ST1700000000000
CT1729938000000,"Glenview, IL",ST1700000000000
CT1730926000000,"Granite City, IL",ST1700000000000
CT1732018000000,"Gurnee, IL",ST1700000000000
CT1732746000000,"Hanover Park, IL",ST1700000000000
CT1733383000000,"Harvey, IL",ST1700000000000
CT1734722000000,"Highland Park, IL",ST1700000000000
CT1735411000000,"Hoffman Estates, IL",ST1700000000000
CT1735835000000,"Homer Glen, IL",ST1700000000000
CT1736750000000,"Huntley, IL",ST1700000000000
CT1738570000000,"Joliet, IL",ST1700000000000
CT1738934000000,"Kankakee, IL",ST1700000000000
CT1741183000000,"Lake in the Hills, IL",ST1700000000000
CT1742028000000,"Lansing, IL",ST1700000000000
CT1744225000000,"Lockport, IL",ST1700000000000
CT1744407000000,"Lombard, IL",ST1700000000000
CT1745694000000,"McHenry, IL",ST1700000000000
CT1747774000000,"Maywood, IL",ST1700000000000
CT1748242000000,"Melrose Park, IL",ST1700000000000
CT1749867000000,"Moline, IL",ST1700000000000
CT1751089000000,"Mount Prospect, IL",ST1700000000000
CT1751349000000,"Mundelein, IL",ST1700000000000
CT1751622000000,"Naperville, IL",ST1700000000000
CT1752584000000,"New Lenox, IL",ST1700000000000
CT1753000000000,"Niles, IL",ST1700000000000
CT1753234000000,"Normal, IL",ST1700000000000
CT1753481000000,"Northbrook, IL",ST1700000000000
CT1753559000000,"North Chicago, IL",ST1700000000000
CT1754638000000,"Oak Forest, IL",ST1700000000000
CT1754820000000,"Oak Lawn, IL",ST1700000000000
CT1754885000000,"Oak Park, IL",ST1700000000000
CT1755249000000,"O'Fallon, IL",ST1700000000000
CT1756640000000,"Orland Park, IL",ST1700000000000
CT1756887000000,"Oswego, IL",ST1700000000000
CT1757225000000,"Palatine, IL",ST1700000000000
CT1757732000000,"Park Forest, IL",ST1700000000000
CT1757875000000,"Park Ridge, IL",ST1700000000000
CT1758447000000,"Pekin, IL",ST1700000000000
CT1759000000000,"Peoria, IL",ST1700000000000
CT1760287000000,"Plainfield, IL",ST1700000000000
CT1762367000000,"Quincy, IL",ST1700000000000
CT1765000000000,"Rockford, IL",ST1700000000000
CT1765078000000,"Rock Island, IL",ST1700000000000
CT1765442000000,"Romeoville, IL",ST1700000000000
CT1766040000000,"Round Lake Beach, IL",ST1700000000000
CT1766703000000,"St. Charles, IL",ST1700000000000
CT1768003000000,"Schaumburg, IL",ST1700000000000
CT1770122000000,"Skokie, IL",ST1700000000000
CT1772000000000,"Springfield, IL",ST1700000000000
CT1773157000000,"Streamwood, IL",ST1700000000000
CT1775484000000,"Tinley Park, IL",ST1700000000000
CT1777005000000,"Urbana, IL",ST1700000000000
CT1777694000000,"Vernon Hills, IL",ST1700000000000
CT1779293000000,"Waukegan, IL",ST1700000000000
CT1780060000000,"West Chicago, IL",ST1700000000000
CT1780645000000,"Westmont, IL",ST1700000000000
CT1781048000000,"Wheaton, IL",ST1700000000000
CT1781087000000,"Wheeling, IL",ST1700000000000
CT1782075000000,"Wilmette, IL",ST1700000000000
CT1783245000000,"Woodridge, IL",ST1700000000000
CT1783349000000,"Woodstock, IL",ST1700000000000
CT1784220000000,"Zion, IL",ST1700000000000
CT1801468000000,"Anderson, IN",ST1800000000000
CT1805860000000,"Bloomington, IN",ST1800000000000
CT1808416000000,"Brownsburg, IN",ST1800000000000
CT1810342000000,"Carmel, IN",ST1800000000000
CT1814734000000,"Columbus, IN",ST1800000000000
CT1816138000000,"Crown Point, IN",ST1800000000000
CT1819486000000,"East Chicago, IN",ST1800000000000
CT1820728000000,"Elkhart, IN",ST1800000000000
CT1822000000000,"Evansville, IN",ST1800000000000
CT1823278000000,"Fishers, IN",ST1800000000000
CT1825000000000,"Fort Wayne, IN",ST1800000000000
CT1825450000000,"Franklin, IN",ST1800000000000
CT1827000000000,"Gary, IN",ST1800000000000
CT1828386000000,"Goshen, IN",ST1800000000000
CT1829898000000,"Greenwood, IN",ST1800000000000
CT1831000000000,"Hammond, IN",ST1800000000000
CT1834114000000,"Hobart, IN",ST1800000000000
CT1836000000000,"Indianapolis, IN",ST1800000000000
CT1836003000000,"Indianapolis (incorporated), IN",ST1800000000000
CT1838358000000,"Jeffersonville, IN",ST1800000000000
CT1840392000000,"Kokomo, IN",ST1800000000000
CT1840788000000,"Lafayette, IN",ST1800000000000
CT1842426000000,"Lawrence, IN",ST1800000000000
CT1846908000000,"Marion, IN",ST1800000000000
CT1848528000000,"Merrillville, IN",ST1800000000000
CT1848798000000,"Michigan City, IN",ST1800000000000
CT1849932000000,"Mishawaka, IN",ST1800000000000
CT1851876000000,"Muncie, IN",ST1800000000000
CT1852326000000,"New Albany, IN",ST1800000000000
CT1854180000000,"Noblesville, IN",ST1800000000000
CT1860246000000,"Plainfield, IN",ST1800000000000
CT1861092000000,"Portage, IN",ST1800000000000
CT1864260000000,"Richmond, IN",ST1800000000000
CT1868220000000,"Schererville, IN",ST1800000000000
CT1871000000000,"South Bend, IN",ST1800000000000
CT1875428000000,"Terre Haute, IN",ST1800000000000
CT1878326000000,"Valparaiso, IN",ST1800000000000
CT1882700000000,"Westfield, IN",ST1800000000000
CT1882862000000,"West Lafayette, IN",ST1800000000000
CT1886372000000,"Zionsville, IN",ST1800000000000
CT1901855000000,"Ames, IA",ST1900000000000
CT1902305000000,"Ankeny, IA",ST1900000000000
CT1906355000000,"Bettendorf, IA",ST1900000000000
CT1909550000000,"Burlington, IA",ST1900000000000
CT1911755000000,"Cedar Falls, IA",ST1900000000000
CT1912000000000,"Cedar Rapids, IA",ST1900000000000
CT1914430000000,"Clinton, IA",ST1900000000000
CT1916860000000,"Council Bluffs, IA",ST1900000000000
CT1919000000000,"Davenport, IA",ST1900000000000
CT1921000000000,"Des Moines, IA",ST1900000000000
CT1922395000000,"Dubuque, IA",ST1900000000000
CT1928515000000,"Fort Dodge, IA",ST1900000000000
CT1938595000000,"Iowa City, IA",ST1900000000000
CT1949485000000,"Marion, IA",ST1900000000000
CT1949755000000,"Marshalltown, IA",ST1900000000000
CT1950160000000,"Mason City, IA",ST1900000000000
CT1960465000000,"Ottumwa, IA",ST1900000000000
CT1973335000000,"Sioux City, IA",ST1900000000000
CT1979950000000,"Urbandale, IA",ST1900000000000
CT1982425000000,"Waterloo, IA",ST1900000000000
CT1983910000000,"West Des Moines, IA",ST1900000000000
CT2018250000000,"Dodge City, KS",ST2000000000000
CT2021275000000,"Emporia, KS",ST2000000000000
CT2025325000000,"Garden City, KS",ST2000000000000
CT2033625000000,"Hutchinson, KS",ST2000000000000
CT2035750000000,"Junction City, KS",ST2000000000000
CT2036000000000,"Kansas City, KS",ST2000000000000
CT2038900000000,"Lawrence, KS",ST2000000000000
CT2039000000000,"Leavenworth, KS",ST2000000000000
CT2039075000000,"Leawood, KS",ST2000000000000
CT2039350000000,"Lenexa, KS",ST2000000000000
CT2044250000000,"Manhattan, KS",ST2000000000000
CT2052575000000,"Olathe, KS",ST2000000000000
CT2053775000000,"Overland Park, KS",ST2000000000000
CT2062700000000,"Salina, KS",ST2000000000000
CT2064500000000,"Shawnee, KS",ST2000000000000
CT2071000000000,"Topeka, KS",ST2000000000000
CT2079000000000,"Wichita, KS",ST2000000000000
CT2102368000000,"Ashland, KY",ST2100000000000
CT2108902000000,"Bowling Green, KY",ST2100000000000
CT2117848000000,"Covington, KY",ST2100000000000
CT2124274000000,"Elizabethtown, KY",ST2100000000000
CT2127982000000,"Florence, KY",ST2100000000000
CT2128900000000,"Frankfort, KY",ST2100000000000
CT2130700000000,"Georgetown, KY",ST2100000000000
CT2135866000000,"Henderson, KY",ST2100000000000
CT2137918000000,"Hopkinsville, KY",ST2100000000000
CT2139142000000,"Independence, KY",ST2100000000000
CT2140222000000,"Jeffersontown, KY",ST2100000000000
CT2146027000000,"Lexington-Fayette, KY",ST2100000000000
CT2148003000000,"Louisville-Jefferson County, KY",ST2100000000000
CT2156136000000,"Nicholasville, KY",ST2100000000000
CT2158620000000,"Owensboro, KY",ST2100000000000
CT2158836000000,"Paducah, KY",ST2100000000000
CT2165226000000,"Richmond, KY",ST2100000000000
CT2200975000000,"Alexandria, LA",ST2200000000000
CT2205000000000,"Baton Rouge, LA",ST2200000000000
CT2208920000000,"Bossier City, LA",ST2200000000000
CT2213960000000,"Central, LA",ST2200000000000
CT2236255000000,"Houma, LA",ST2200000000000
CT2239475000000,"Kenner, LA",ST2200000000000
CT2240735000000,"Lafayette, LA",ST2200000000000
CT2241155000000,"Lake Charles, LA",ST2200000000000
CT2251410000000,"Monroe, LA",ST2200000000000
CT2254035000000,"New Iberia, LA",ST2200000000000
CT2255000000000,"New Orleans, LA",ST2200000000000
CT2270000000000,"Shreveport, LA",ST2200000000000
CT2270805000000,"Slidell, LA",ST2200000000000
CT2302795000000,"Bangor, ME",ST2300000000000
CT2338740000000,"Lewiston, ME",ST2300000000000
CT2360545000000,"Portland, ME",ST2300000000000
CT2371990000000,"South Portland, ME",ST2300000000000
CT2401600000000,"Annapolis, MD",ST2400000000000
CT2404000000000,"Baltimore, MD",ST2400000000000
CT2408775000000,"Bowie, MD",ST2400000000000
CT2418750000000,"College Park, MD",ST2400000000000
CT2430325000000,"Frederick, MD",ST2400000000000
CT2431175000000,"Gaithersburg, MD",ST2400000000000
CT2436075000000,"Hagerstown, MD",ST2400000000000
CT2445900000000,"Laurel, MD",ST2400000000000
CT2467675000000,"Rockville, MD",ST2400000000000
CT2469925000000,"Salisbury, MD",ST2400000000000
CS2501325000000,"Amherst, MA",ST2500000000000
CS2501465000000,"Andover, MA",ST2500000000000
CS2501605000000,"Arlington, MA",ST2500000000000
CS2505805000000,"Billerica, MA",ST2500000000000
CS2508085000000,"Bridgewater, MA",ST2500000000000
CS2509175000000,"Brookline, MA",ST2500000000000
CS2513135000000,"Chelmsford, MA",ST2500000000000
CS2516250000000,"Danvers, MA",ST2500000000000
CS2516425000000,"Dartmouth, MA",ST2500000000000
CS2517475000000,"Dracut, MA",ST2500000000000
CS2523105000000,"Falmouth, MA",ST2500000000000
CS2524925000000,"Framingham, MA",ST2500000000000
CS2535215000000,"Lexington, MA",ST2500000000000
CS2538855000000,"Marshfield, MA",ST2500000000000
CS2541165000000,"Milford, MA",ST2500000000000
CS2541690000000,"Milton, MA",ST2500000000000
CS2543895000000,"Natick, MA",ST2500000000000
CS2544105000000,"Needham, MA",ST2500000000000
CS2546365000000,"North Andover, MA",ST2500000000000
CS2546575000000,"North Attleborough, MA",ST2500000000000
CS2550250000000,"Norwood, MA",ST2500000000000
CS2554310000000,"Plymouth, MA",ST2500000000000
CS2555955000000,"Randolph, MA",ST2500000000000
CS2560015000000,"Saugus, MA",ST2500000000000
CS2561800000000,"Shrewsbury, MA",ST2500000000000
CS2567945000000,"Stoughton, MA",ST2500000000000
CS2569415000000,"Tewksbury, MA",ST2500000000000
CS2574175000000,"Wellesley, MA",ST2500000000000
CT2500840000000,"Agawam Town, MA",ST2500000000000
CT2502690000000,"Attleboro, MA",ST2500000000000
CT2503690000000,"Barnstable Town, MA",ST2500000000000
CT2505595000000,"Beverly, MA",ST2500000000000
CT2507000000000,"Boston, MA",ST2500000000000
CT2507740000000,"Braintree Town, MA",ST2500000000000
CT2509000000000,"Brockton, MA",ST2500000000000
CT2511000000000,"Cambridge, MA",ST2500000000000
CT2513205000000,"Chelsea, MA",ST2500000000000
CT2513660000000,"Chicopee, MA",ST2500000000000
CT2521990000000,"Everett, MA",ST2500000000000
CT2523000000000,"Fall River, MA",ST2500000000000
CT2523875000000,"Fitchburg, MA",ST2500000000000
CT2525172000000,"Franklin Town, MA",ST2500000000000
CT2526150000000,"Gloucester, MA",ST2500000000000
CT2529405000000,"Haverhill, MA",ST2500000000000
CT2530840000000,"Holyoke, MA",ST2500000000000
CT2534550000000,"Lawrence, MA",ST2500000000000
CT2535075000000,"Leominster, MA",ST2500000000000
CT2537000000000,"Lowell, MA",ST2500000000000
CT2537490000000,"Lynn, MA",ST2500000000000
CT2537875000000,"Malden, MA",ST2500000000000
CT2538715000000,"Marlborough, MA",ST2500000000000
CT2539835000000,"Medford, MA",ST2500000000000
CT2540115000000,"Melrose, MA",ST2500000000000
CT2540710000000,"Methuen Town, MA",ST2500000000000
CT2545000000000,"New Bedford, MA",ST2500000000000
CT2545560000000,"Newton, MA",ST2500000000000
CT2546330000000,"Northampton, MA",ST2500000000000
CT2552490000000,"Peabody, MA",ST2500000000000
CT2553960000000,"Pittsfield, MA",ST2500000000000
CT2555745000000,"Quincy, MA",ST2500000000000
CT2556585000000,"Revere, MA",ST2500000000000
CT2559105000000,"Salem, MA",ST2500000000000
CT2562535000000,"Somerville, MA",ST2500000000000
CT2567000000000,"Springfield, MA",ST2500000000000
CT2569170000000,"Taunton, MA",ST2500000000000
CT2572600000000,"Waltham, MA",ST2500000000000
CT2573440000000,"Watertown Town, MA",ST2500000000000
CT2576030000000,"Westfield, MA",ST2500000000000
CT2577890000000,"West Springfield Town, MA",ST2500000000000
CT2578972000000,"Weymouth Town, MA",ST2500000000000
CT2581035000000,"Woburn, MA",ST2500000000000
CT2582000000000,"Worcester, MA",ST2500000000000
CS2601360000000,"Allendale, MI",ST2600000000000
CS2606740000000,"Bedfordship (Monroe County), MI",ST2600000000000
CS2608760000000,"Blackman, MI",ST2600000000000
CS2609110000000,"Bloomfield (Oakland County), MI",ST2600000000000
CS2611220000000,"Brownstown, MI",ST2600000000000
CS2613120000000,"Canton, MI",ST2600000000000
CS2615340000000,"Chesterfieldship, MI",ST2600000000000
CS2616520000000,"Clinton (Macomb County), MI",ST2600000000000
CS2617640000000,"Commerce, MI",ST2600000000000
CS2621420000000,"Delhi, MI",ST2600000000000
CS2621520000000,"Delta, MI",ST2600000000000
CS2629020000000,"Flint charter township, MI",ST2600000000000
CS2631240000000,"Gaines, MI",ST2600000000000
CS2631880000000,"Georgetown, MI",ST2600000000000
CS2633300000000,"Grand Blanc, MI",ST2600000000000
CS2636820000000,"Harrison, MI",ST2600000000000
CS2638660000000,"Holland (Ottawa County), MI",ST2600000000000
CS2640400000000,"Independence, MI",ST2600000000000
CS2650480000000,"Macombship, MI",ST2600000000000
CS2653140000000,"Meridian, MI",ST2600000000000
CS2655980000000,"Mount Morrisship, MI",ST2600000000000
CS2659000000000,"Northvilleship, MI",ST2600000000000
CS2661100000000,"Orion, MI",ST2600000000000
CS2664560000000,"Pittsfield, MI",ST2600000000000
CS2664660000000,"Plainfield (Kent County), MI",ST2600000000000
CS2665080000000,"Plymouth, MI",ST2600000000000
CS2667625000000,"Redford, MI",ST2600000000000
CS2670540000000,"Saginaw charter township, MI",ST2600000000000
CS2672820000000,"Shelby (Macomb County), MI",ST2600000000000
CS2681660000000,"Van Buren, MI",ST2600000000000
CS2684120000000,"Washingtonship (Macomb County), MI",ST2600000000000
CS2684240000000,"Waterford, MI",ST2600000000000
CS2685480000000,"West Bloomfield, MI",ST2600000000000
CS2686860000000,"White Lake, MI",ST2600000000000
CS2689160000000,"Ypsilanti, MI",ST2600000000000
CT2601380000000,"Allen Park, MI",ST2600000000000
CT2603000000000,"Ann Arbor, MI",ST2600000000000
CT2605920000000,"Battle Creek, MI",ST2600000000000
CT2606020000000,"Bay City, MI",ST2600000000000
CT2612060000000,"Burton, MI",ST2600000000000
CT2621000000000,"Dearborn, MI",ST2600000000000
CT2621020000000,"Dearborn Heights, MI",ST2600000000000
CT2622000000000,"Detroit, MI",ST2600000000000
CT2624120000000,"East Lansing, MI",ST2600000000000
CT2624290000000,"Eastpointe, MI",ST2600000000000
CT2627440000000,"Farmington Hills, MI",ST2600000000000
CT2627880000000,"Ferndale, MI",ST2600000000000
CT2629000000000,"Flint city, MI",ST2600000000000
CT2631420000000,"Garden City, MI",ST2600000000000
CT2634000000000,"Grand Rapids, MI",ST2600000000000
CT2638640000000,"Holland, MI",ST2600000000000
CT2640680000000,"Inkster, MI",ST2600000000000
CT2641420000000,"Jackson, MI",ST2600000000000
CT2642160000000,"Kalamazoo, MI",ST2600000000000
CT2642820000000,"Kentwood, MI",ST2600000000000
CT2646000000000,"Lansing, MI",ST2600000000000
CT2647800000000,"Lincoln Park, MI",ST2600000000000
CT2649000000000,"Livonia, MI",ST2600000000000
CT2650560000000,"Madison Heights, MI",ST2600000000000
CT2653780000000,"Midland, MI",ST2600000000000
CT2656020000000,"Mount Pleasant, MI",ST2600000000000
CT2656320000000,"Muskegon, MI",ST2600000000000
CT2659440000000,"Novi, MI",ST2600000000000
CT2659920000000,"Oak Park, MI",ST2600000000000
CT2665440000000,"Pontiac, MI",ST2600000000000
CT2665560000000,"Portage, MI",ST2600000000000
CT2665820000000,"Port Huron, MI",ST2600000000000
CT2669035000000,"Rochester Hills, MI",ST2600000000000
CT2669420000000,"Romulus, MI",ST2600000000000
CT2669800000000,"Roseville, MI",ST2600000000000
CT2670040000000,"Royal Oak, MI",ST2600000000000
CT2670520000000,"Saginaw city, MI",ST2600000000000
CT2670760000000,"St. Clair Shores, MI",ST2600000000000
CT2674900000000,"Southfield, MI",ST2600000000000
CT2674960000000,"Southgate, MI",ST2600000000000
CT2676460000000,"Sterling Heights, MI",ST2600000000000
CT2679000000000,"Taylor, MI",ST2600000000000
CT2680700000000,"Troy, MI",ST2600000000000
CT2684000000000,"Warren, MI",ST2600000000000
CT2686000000000,"Westland, MI",ST2600000000000
CT2688900000000,"Wyandotte, MI",ST2600000000000
CT2688940000000,"Wyoming, MI",ST2600000000000
CT2701486000000,"Andover, MN",ST2700000000000
CT2701900000000,"Apple Valley, MN",ST2700000000000
CT2702908000000,"Austin, MN",ST2700000000000
CT2706382000000,"Blaine, MN",ST2700000000000
CT2706616000000,"Bloomington, MN",ST2700000000000
CT2707948000000,"Brooklyn Center, MN",ST2700000000000
CT2707966000000,"Brooklyn Park, MN",ST2700000000000
CT2708794000000,"Burnsville, MN",ST2700000000000
CT2710846000000,"Champlin, MN",ST2700000000000
CT2710918000000,"Chanhassen, MN",ST2700000000000
CT2710972000000,"Chaska, MN",ST2700000000000
CT2713114000000,"Coon Rapids, MN",ST2700000000000
CT2713456000000,"Cottage Grove, MN",ST2700000000000
CT2717000000000,"Duluth, MN",ST2700000000000
CT2717288000000,"Eagan, MN",ST2700000000000
CT2718116000000,"Eden Prairie, MN",ST2700000000000
CT2718188000000,"Edina, MN",ST2700000000000
CT2722814000000,"Fridley, MN",ST2700000000000
CT2731076000000,"Inver Grove Heights, MN",ST2700000000000
CT2735180000000,"Lakeville, MN",ST2700000000000
CT2739878000000,"Mankato, MN",ST2700000000000
CT2740166000000,"Maple Grove, MN",ST2700000000000
CT2740382000000,"Maplewood, MN",ST2700000000000
CT2743000000000,"Minneapolis, MN",ST2700000000000
CT2743252000000,"Minnetonka, MN",ST2700000000000
CT2743864000000,"Moorhead, MN",ST2700000000000
CT2747680000000,"Oakdale, MN",ST2700000000000
CT2749300000000,"Owatonna, MN",ST2700000000000
CT2751730000000,"Plymouth, MN",ST2700000000000
CT2752594000000,"Prior Lake, MN",ST2700000000000
CT2753026000000,"Ramsey, MN",ST2700000000000
CT2754214000000,"Richfield, MN",ST2700000000000
CT2754880000000,"Rochester, MN",ST2700000000000
CT2755852000000,"Roseville, MN",ST2700000000000
CT2756896000000,"St. Cloud, MN",ST2700000000000
CT2757220000000,"St. Louis Park, MN",ST2700000000000
CT2758000000000,"St. Paul, MN",ST2700000000000
CT2758738000000,"Savage, MN",ST2700000000000
CT2759350000000,"Shakopee, MN",ST2700000000000
CT2759998000000,"Shoreview, MN",ST2700000000000
CT2769970000000,"White Bear Lake, MN",ST2700000000000
CT2771032000000,"Winona, MN",ST2700000000000
CT2771428000000,"Woodbury, MN",ST2700000000000
CT2806220000000,"Biloxi, MS",ST2800000000000
CT2814420000000,"Clinton, MS",ST2800000000000
CT2815380000000,"Columbus, MS",ST2800000000000
CT2829180000000,"Greenville, MS",ST2800000000000
CT2829700000000,"Gulfport, MS",ST2800000000000
CT2831020000000,"Hattiesburg, MS",ST2800000000000
CT2833700000000,"Horn Lake, MS",ST2800000000000
CT2836000000000,"Jackson, MS",ST2800000000000
CT2844520000000,"Madison, MS",ST2800000000000
CT2846640000000,"Meridian, MS",ST2800000000000
CT2854040000000,"Olive Branch, MS",ST2800000000000
CT2855360000000,"Pascagoula, MS",ST2800000000000
CT2855760000000,"Pearl, MS",ST2800000000000
CT2869280000000,"Southaven, MS",ST2800000000000
CT2870240000000,"Starkville, MS",ST2800000000000
CT2874840000000,"Tupelo, MS",ST2800000000000
CT2876720000000,"Vicksburg, MS",ST2800000000000
CT2903160000000,"Ballwin, MO",ST2900000000000
CT2906652000000,"Blue Springs, MO",ST2900000000000
CT2911242000000,"Cape Girardeau, MO",ST2900000000000
CT2913600000000,"Chesterfield, MO",ST2900000000000
CT2915670000000,"Columbia, MO",ST2900000000000
CT2924778000000,"Florissant, MO",ST2900000000000
CT2927190000000,"Gladstone, MO",ST2900000000000
CT2928324000000,"Grandview, MO",ST2900000000000
CT2931276000000,"Hazelwood, MO",ST2900000000000
CT2935000000000,"Independence, MO",ST2900000000000
CT2937000000000,"Jefferson City, MO",ST2900000000000
CT2937592000000,"Joplin, MO",ST2900000000000
CT2938000000000,"Kansas City, MO",ST2900000000000
CT2939044000000,"Kirkwood, MO",ST2900000000000
CT2941348000000,"Lee's Summit, MO",ST2900000000000
CT2942032000000,"Liberty, MO",ST2900000000000
CT2946586000000,"Maryland Heights, MO",ST2900000000000
CT2954074000000,"O'Fallon, MO",ST2900000000000
CT2960788000000,"Raytown, MO",ST2900000000000
CT2964082000000,"St. Charles, MO",ST2900000000000
CT2964550000000,"St. Joseph, MO",ST2900000000000
CT2965000000000,"St. Louis, MO",ST2900000000000
CT2965126000000,"St. Peters, MO",ST2900000000000
CT2970000000000,"Springfield, MO",ST2900000000000
CT2975220000000,"University City, MO",ST2900000000000
CT2978442000000,"Wentzville, MO",ST2900000000000
CT2979820000000,"Wildwood, MO",ST2900000000000
CT3001675000000,"Anaconda-Deer Lodge County, MT",ST3000000000000
CT3006550000000,"Billings, MT",ST3000000000000
CT3008950000000,"Bozeman, MT",ST3000000000000
CT3011390000000,"Butte-Silver Bow, MT",ST3000000000000
CT3032800000000,"Great Falls, MT",ST3000000000000
CT3035600000000,"Helena, MT",ST3000000000000
CT3050200000000,"Missoula, MT",ST3000000000000
CT3103950000000,"Bellevue, NE",ST3100000000000
CT3117670000000,"Fremont, NE",ST3100000000000
CT3119595000000,"Grand Island, NE",ST3100000000000
CT3121415000000,"Hastings, NE",ST3100000000000
CT3125055000000,"Kearney, NE",ST3100000000000
CT3128000000000,"Lincoln, NE",ST3100000000000
CT3137000000000,"Omaha, NE",ST3100000000000
CT3209700000000,"Carson City, NV",ST3200000000000
CT3231900000000,"Henderson, NV",ST3200000000000
CT3240000000000,"Las Vegas, NV",ST3200000000000
CT3251800000000,"North Las Vegas, NV",ST3200000000000
CT3260600000000,"Reno, NV",ST3200000000000
CT3268400000000,"Sparks, NV",ST3200000000000
CS3317940000000,"Derry, NH",ST3300000000000
CS3347540000000,"Merrimack, NH",ST3300000000000
CS3366660000000,"Salem, NH",ST3300000000000
CT3314200000000,"Concord, NH",ST3300000000000
CT3318820000000,"Dover, NH",ST3300000000000
CT3345140000000,"Manchester, NH",ST3300000000000
CT3350260000000,"Nashua, NH",ST3300000000000
CT3365140000000,"Rochester, NH",ST3300000000000
CS3404695000000,"Bellevilleship, NJ",ST3400000000000
CS3405305000000,"Berkeleyship, NJ",ST3400000000000
CS3405560000000,"Bernardsship, NJ",ST3400000000000
CS3406260000000,"Bloomfieldship, NJ",ST3400000000000
CS3407420000000,"Brickship, NJ",ST3400000000000
CS3407720000000,"Bridgewatership, NJ",ST3400000000000
CS3412280000000,"Cherry Hillship, NJ",ST3400000000000
CS3413045000000,"City of Orangeship, NJ",ST3400000000000
CS3417710000000,"Deptfordship, NJ",ST3400000000000
CS3419000000000,"East Brunswickship, NJ",ST3400000000000
CS3419780000000,"East Windsorship, NJ",ST3400000000000
CS3420230000000,"Edisonship, NJ",ST3400000000000
CS3420290000000,"Egg Harborship, NJ",ST3400000000000
CS3422110000000,"Eveshamship, NJ",ST3400000000000
CS3422185000000,"Ewingship, NJ",ST3400000000000
CS3424900000000,"Franklinship (Somerset County), NJ",ST3400000000000
CS3425230000000,"Freeholdship, NJ",ST3400000000000
CS3425560000000,"Gallowayship, NJ",ST3400000000000
CS3426760000000,"Gloucestership, NJ",ST3400000000000
CS3429280000000,"Hamiltonship (Atlantic County), NJ",ST3400000000000
CS3429310000000,"Hamiltonship (Mercer County), NJ",ST3400000000000
CS3431890000000,"Hillsboroughship, NJ",ST3400000000000
CS3433300000000,"Howellship, NJ",ST3400000000000
CS3434450000000,"Irvingtonship, NJ",ST3400000000000
CS3434680000000,"Jacksonship, NJ",ST3400000000000
CS3437380000000,"Laceyship, NJ",ST3400000000000
CS3438550000000,"Lakewoodship, NJ",ST3400000000000
CS3439510000000,"Lawrenceship (Mercer County), NJ",ST3400000000000
CS3440890000000,"Livingstonship, NJ",ST3400000000000
CS3442750000000,"Mahwahship, NJ",ST3400000000000
CS3442990000000,"Manalapanship, NJ",ST3400000000000
CS3443140000000,"Manchestership, NJ",ST3400000000000
CS3444070000000,"Marlboroship, NJ",ST3400000000000
CS3445990000000,"Middletownship, NJ",ST3400000000000
CS3447250000000,"Monroeship (Gloucester County), NJ",ST3400000000000
CS3447280000000,"Monroeship (Middlesex County), NJ",ST3400000000000
CS3447500000000,"Montclairship, NJ",ST3400000000000
CS3449020000000,"Mount Laurelship, NJ",ST3400000000000
CS3449080000000,"Mount Oliveship, NJ",ST3400000000000
CS3449890000000,"Neptuneship, NJ",ST3400000000000
CS3452470000000,"North Bergenship, NJ",ST3400000000000
CS3452560000000,"North Brunswickship, NJ",ST3400000000000
CS3453680000000,"Nutleyship, NJ",ST3400000000000
CS3454270000000,"Oceanship (Monmouth County), NJ",ST3400000000000
CS3454705000000,"Old Bridgeship, NJ",ST3400000000000
CS3456460000000,"Parsippany-Troy Hillsship, NJ",ST3400000000000
CS3457510000000,"Pembertonship, NJ",ST3400000000000
CS3457660000000,"Pennsaukenship, NJ",ST3400000000000
CS3459010000000,"Piscatawayship, NJ",ST3400000000000
CS3461890000000,"Randolphship, NJ",ST3400000000000
CS3464080000000,"Rockawayship, NJ",ST3400000000000
CS3468790000000,"South Brunswickship, NJ",ST3400000000000
CS3470320000000,"Staffordship, NJ",ST3400000000000
CS3472360000000,"Teaneckship, NJ",ST3400000000000
CS3473125000000,"Toms Rivership, NJ",ST3400000000000
CS3474480000000,"Unionship (Union County), NJ",ST3400000000000
CS3475740000000,"Vernonship, NJ",ST3400000000000
CS3476220000000,"Voorheesship, NJ",ST3400000000000
CS3476460000000,"Wallship, NJ",ST3400000000000
CS3477180000000,"Washingtonship (Gloucester County), NJ",ST3400000000000
CS3477840000000,"Wayneship, NJ",ST3400000000000
CS3479460000000,"West Milfordship, NJ",ST3400000000000
CS3479800000000,"West Orangeship, NJ",ST3400000000000
CS3480240000000,"West Windsorship, NJ",ST3400000000000
CS3481440000000,"Willingboroship, NJ",ST3400000000000
CS3481740000000,"Winslowship, NJ",ST3400000000000
CS3482000000000,"Woodbridgeship, NJ",ST3400000000000
CT3402080000000,"Atlantic City, NJ",ST3400000000000
CT3403580000000,"Bayonne, NJ",ST3400000000000
CT3405170000000,"Bergenfield borough, NJ",ST3400000000000
CT3407600000000,"Bridgeton, NJ",ST3400000000000
CT3410000000000,"Camden, NJ",ST3400000000000
CT3413570000000,"Cliffside Park borough, NJ",ST3400000000000
CT3413690000000,"Clifton, NJ",ST3400000000000
CT3419390000000,"East Orange, NJ",ST3400000000000
CT3421000000000,"Elizabeth, NJ",ST3400000000000
CT3421480000000,"Englewood, NJ",ST3400000000000
CT3422470000000,"Fair Lawn borough, NJ",ST3400000000000
CT3424420000000,"Fort Lee borough, NJ",ST3400000000000
CT3425770000000,"Garfield, NJ",ST3400000000000
CT3428680000000,"Hackensack, NJ",ST3400000000000
CT3432250000000,"Hoboken, NJ",ST3400000000000
CT3436000000000,"Jersey City, NJ",ST3400000000000
CT3436510000000,"Kearny, NJ",ST3400000000000
CT3440350000000,"Linden, NJ",ST3400000000000
CT3441310000000,"Long Branch, NJ",ST3400000000000
CT3446680000000,"Millville, NJ",ST3400000000000
CT3451000000000,"Newark, NJ",ST3400000000000
CT3451210000000,"New Brunswick, NJ",ST3400000000000
CT3455950000000,"Paramus borough, NJ",ST3400000000000
CT3456550000000,"Passaic, NJ",ST3400000000000
CT3457000000000,"Paterson, NJ",ST3400000000000
CT3458200000000,"Perth Amboy, NJ",ST3400000000000
CT3459190000000,"Plainfield, NJ",ST3400000000000
CT3460900000000,"Princeton, NJ",ST3400000000000
CT3461530000000,"Rahway, NJ",ST3400000000000
CT3463000000000,"Ridgewood, NJ",ST3400000000000
CT3465790000000,"Sayreville borough, NJ",ST3400000000000
CT3474000000000,"Trenton, NJ",ST3400000000000
CT3474630000000,"Union City, NJ",ST3400000000000
CT3476070000000,"Vineland, NJ",ST3400000000000
CT3479040000000,"Westfield, NJ",ST3400000000000
CT3479610000000,"West New York, NJ",ST3400000000000
CT3501780000000,"Alamogordo, NM",ST3500000000000
CT3502000000000,"Albuquerque, NM",ST3500000000000
CT3512150000000,"Carlsbad, NM",ST3500000000000
CT3516420000000,"Clovis, NM",ST3500000000000
CT3525800000000,"Farmington, NM",ST3500000000000
CT3532520000000,"Hobbs, NM",ST3500000000000
CT3539380000000,"Las Cruces, NM",ST3500000000000
CT3563460000000,"Rio Rancho, NM",ST3500000000000
CT3564930000000,"Roswell, NM",ST3500000000000
CT3570500000000,"Santa Fe, NM",ST3500000000000
CS3602000000000,"Amherst, NY",ST3600000000000
CS3604000000000,"Babylon, NY",ST3600000000000
CS3606354000000,"Bethlehem, NY",ST3600000000000
CS3608246000000,"Brighton (Monroe County), NY",ST3600000000000
CS3610000000000,"Brookhaven, NY",ST3600000000000
CS3612529000000,"Carmel, NY",ST3600000000000
CS3615011000000,"Cheektowaga, NY",ST3600000000000
CS3615462000000,"Chili, NY",ST3600000000000
CS3615704000000,"Cicero, NY",ST3600000000000
CS3615825000000,"Clarence, NY",ST3600000000000
CS3615968000000,"Clarkstown, NY",ST3600000000000
CS3616067000000,"Clay, NY",ST3600000000000
CS3616353000000,"Clifton Park, NY",ST3600000000000
CS3617343000000,"Colonie, NY",ST3600000000000
CS3618410000000,"Cortlandt, NY",ST3600000000000
CS3620478000000,"De Witt, NY",ST3600000000000
CS3621820000000,"Eastchester, NY",ST3600000000000
CS3621996000000,"East Fishkill, NY",ST3600000000000
CS3628442000000,"Gates, NY",ST3600000000000
CS3629366000000,"Glenville, NY",ST3600000000000
CS3630290000000,"Greece, NY",ST3600000000000
CS3630367000000,"Greenburgh, NY",ST3600000000000
CS3631104000000,"Guilderland, NY",ST3600000000000
CS3631654000000,"Hamburg, NY",ST3600000000000
CS3632765000000,"Haverstraw, NY",ST3600000000000
CS3634000000000,"Hempstead town, NY",ST3600000000000
CS3634099000000,"Henrietta, NY",ST3600000000000
CS3637000000000,"Huntington, NY",ST3600000000000
CS3637726000000,"Irondequoit, NY",ST3600000000000
CS3638000000000,"Islip, NY",ST3600000000000
CS3641146000000,"Lancaster, NY",ST3600000000000
CS3644842000000,"Mamaroneck, NY",ST3600000000000
CS3645029000000,"Manlius, NY",ST3600000000000
CS3647999000000,"Monroe, NY",ST3600000000000
CS3649011000000,"Mount Pleasant, NY",ST3600000000000
CS3650045000000,"Newburgh town, NY",ST3600000000000
CS3650848000000,"New Windsor, NY",ST3600000000000
CS3653000000000,"North Hempstead, NY",ST3600000000000
CS3655211000000,"Orangetown, NY",ST3600000000000
CS3655277000000,"Orchard Park, NY",ST3600000000000
CS3655541000000,"Ossining town, NY",ST3600000000000
CS3656000000000,"Oyster Bay, NY",ST3600000000000
CS3657144000000,"Penfield, NY",ST3600000000000
CS3657221000000,"Perinton, NY",ST3600000000000
CS3658365000000,"Pittsford, NY",ST3600000000000
CS3659652000000,"Poughkeepsie town, NY",ST3600000000000
CS3660356000000,"Queensbury, NY",ST3600000000000
CS3660510000000,"Ramapo, NY",ST3600000000000
CS3661984000000,"Riverhead, NY",ST3600000000000
CS3663935000000,"Rotterdam, NY",ST3600000000000
CS3664320000000,"Rye, NY",ST3600000000000
CS3664815000000,"Salina, NY",ST3600000000000
CS3668000000000,"Smithtown, NY",ST3600000000000
CS3668473000000,"Southampton, NY",ST3600000000000
CS3675000000000,"Tonawanda, NY",ST3600000000000
CS3676056000000,"Union, NY",ST3600000000000
CS3677255000000,"Vestal, NY",ST3600000000000
CS3677992000000,"Wallkill, NY",ST3600000000000
CS3678157000000,"Wappinger, NY",ST3600000000000
CS3678366000000,"Warwick, NY",ST3600000000000
CS3678971000000,"Webster, NY",ST3600000000000
CS3680918000000,"West Seneca, NY",ST3600000000000
CS3684077000000,"Yorktown, NY",ST3600000000000
CT3601000000000,"Albany, NY",ST3600000000000
CT3603078000000,"Auburn, NY",ST3600000000000
CT3606607000000,"Binghamton, NY",ST3600000000000
CT3611000000000,"Buffalo, NY",ST3600000000000
CT3624229000000,"Elmira, NY",ST3600000000000
CT3627485000000,"Freeport, NY",ST3600000000000
CT3629113000000,"Glen Cove, NY",ST3600000000000
CT3632402000000,"Harrison/town, NY",ST3600000000000
CT3633139000000,"Hempstead village, NY",ST3600000000000
CT3638077000000,"Ithaca, NY",ST3600000000000
CT3638264000000,"Jamestown, NY",ST3600000000000
CT3642554000000,"Lindenhurst, NY",ST3600000000000
CT3643082000000,"Lockport, NY",ST3600000000000
CT3643335000000,"Long Beach, NY",ST3600000000000
CT3647042000000,"Middletown, NY",ST3600000000000
CT3649121000000,"Mount Vernon, NY",ST3600000000000
CT3650034000000,"Newburgh city, NY",ST3600000000000
CT3650617000000,"New Rochelle, NY",ST3600000000000
CT3651000000000,"New York, NY",ST3600000000000
CT3651055000000,"Niagara Falls, NY",ST3600000000000
CT3653682000000,"North Tonawanda, NY",ST3600000000000
CT3655530000000,"Ossining village, NY",ST3600000000000
CT3659223000000,"Port Chester, NY",ST3600000000000
CT3659641000000,"Poughkeepsie city, NY",ST3600000000000
CT3663000000000,"Rochester, NY",ST3600000000000
CT3663264000000,"Rockville Centre, NY",ST3600000000000
CT3663418000000,"Rome, NY",ST3600000000000
CT3665255000000,"Saratoga Springs, NY",ST3600000000000
CT3665508000000,"Schenectady, NY",ST3600000000000
CT3670420000000,"Spring Valley, NY",ST3600000000000
CT3673000000000,"Syracuse, NY",ST3600000000000
CT3675484000000,"Troy, NY",ST3600000000000
CT3676540000000,"Utica, NY",ST3600000000000
CT3676705000000,"Valley Stream, NY",ST3600000000000
CT3678608000000,"Watertown, NY",ST3600000000000
CT3681677000000,"White Plains, NY",ST3600000000000
CT3684000000000,"Yonkers, NY",ST3600000000000
CT3701520000000,"Apex, NC",ST3700000000000
CT3702080000000,"Asheboro, NC",ST3700000000000
CT3702140000000,"Asheville, NC",ST3700000000000
CT3709060000000,"Burlington, NC",ST3700000000000
CT3710740000000,"Cary, NC",ST3700000000000
CT3711800000000,"Chapel Hill, NC",ST3700000000000
CT3712000000000,"Charlotte, NC",ST3700000000000
CT3714100000000,"Concord, NC",ST3700000000000
CT3714700000000,"Cornelius, NC",ST3700000000000
CT3719000000000,"Durham, NC",ST3700000000000
CT3722920000000,"Fayetteville, NC",ST3700000000000
CT3725300000000,"Fuquay-Varina, NC",ST3700000000000
CT3725480000000,"Garner, NC",ST3700000000000
CT3725580000000,"Gastonia, NC",ST3700000000000
CT3726880000000,"Goldsboro, NC",ST3700000000000
CT3728000000000,"Greensboro, NC",ST3700000000000
CT3728080000000,"Greenville, NC",ST3700000000000
CT3731060000000,"Hickory, NC",ST3700000000000
CT3731400000000,"High Point, NC",ST3700000000000
CT3732260000000,"Holly Springs, NC",ST3700000000000
CT3733120000000,"Huntersville, NC",ST3700000000000
CT3733560000000,"Indian Trail, NC",ST3700000000000
CT3734200000000,"Jacksonville, NC",ST3700000000000
CT3735200000000,"Kannapolis, NC",ST3700000000000
CT3735920000000,"Kinston, NC",ST3700000000000
CT3741960000000,"Matthews, NC",ST3700000000000
CT3743480000000,"Mint Hill, NC",ST3700000000000
CT3743920000000,"Monroe, NC",ST3700000000000
CT3744220000000,"Mooresville, NC",ST3700000000000
CT3744520000000,"Morrisville, NC",ST3700000000000
CT3746340000000,"New Bern, NC",ST3700000000000
CT3755000000000,"Raleigh, NC",ST3700000000000
CT3757500000000,"Rocky Mount, NC",ST3700000000000
CT3758860000000,"Salisbury, NC",ST3700000000000
CT3759280000000,"Sanford, NC",ST3700000000000
CT3764740000000,"Statesville, NC",ST3700000000000
CT3767420000000,"Thomasville, NC",ST3700000000000
CT3770540000000,"Wake Forest, NC",ST3700000000000
CT3774440000000,"Wilmington, NC",ST3700000000000
CT3774540000000,"Wilson, NC",ST3700000000000
CT3775000000000,"Winston-Salem, NC",ST3700000000000
CT3807200000000,"Bismarck, ND",ST3800000000000
CT3825700000000,"Fargo, ND",ST3800000000000
CT3832060000000,"Grand Forks, ND",ST3800000000000
CT3853380000000,"Minot, ND",ST3800000000000
CT3884780000000,"West Fargo, ND",ST3800000000000
CT3886220000000,"Williston, ND",ST3800000000000
CT3901000000000,"Akron, OH",ST3900000000000
CT3902736000000,"Athens, OH",ST3900000000000
CT3903828000000,"Barberton, OH",ST3900000000000
CT3904720000000,"Beavercreek, OH",ST3900000000000
CT3907972000000,"Bowling Green, OH",ST3900000000000
CT3909680000000,"Brunswick, OH",ST3900000000000
CT3912000000000,"Canton, OH",ST3900000000000
CT3915000000000,"Cincinnati, OH",ST3900000000000
CT3916000000000,"Cleveland, OH",ST3900000000000
CT3916014000000,"Cleveland Heights, OH",ST3900000000000
CT3918000000000,"Columbus, OH",ST3900000000000
CT3919778000000,"Cuyahoga Falls, OH",ST3900000000000
CT3921000000000,"Dayton, OH",ST3900000000000
CT3921434000000,"Delaware, OH",ST3900000000000
CT3922694000000,"Dublin, OH",ST3900000000000
CT3925256000000,"Elyria, OH",ST3900000000000
CT3925704000000,"Euclid, OH",ST3900000000000
CT3925914000000,"Fairborn, OH",ST3900000000000
CT3925970000000,"Fairfield, OH",ST3900000000000
CT3927048000000,"Findlay, OH",ST3900000000000
CT3929106000000,"Gahanna, OH",ST3900000000000
CT3929428000000,"Garfield Heights, OH",ST3900000000000
CT3931860000000,"Green, OH",ST3900000000000
CT3932592000000,"Grove City, OH",ST3900000000000
CT3933012000000,"Hamilton, OH",ST3900000000000
CT3935476000000,"Hilliard, OH",ST3900000000000
CT3936610000000,"Huber Heights, OH",ST3900000000000
CT3939872000000,"Kent, OH",ST3900000000000
CT3940040000000,"Kettering, OH",ST3900000000000
CT3941664000000,"Lakewood, OH",ST3900000000000
CT3941720000000,"Lancaster, OH",ST3900000000000
CT3943554000000,"Lima, OH",ST3900000000000
CT3944856000000,"Lorain, OH",ST3900000000000
CT3947138000000,"Mansfield, OH",ST3900000000000
CT3947306000000,"Maple Heights, OH",ST3900000000000
CT3947754000000,"Marion, OH",ST3900000000000
CT3948188000000,"Mason, OH",ST3900000000000
CT3948244000000,"Massillon, OH",ST3900000000000
CT3948790000000,"Medina, OH",ST3900000000000
CT3949056000000,"Mentor, OH",ST3900000000000
CT3949840000000,"Middletown, OH",ST3900000000000
CT3954040000000,"Newark, OH",ST3900000000000
CT3956882000000,"North Olmsted, OH",ST3900000000000
CT3956966000000,"North Ridgeville, OH",ST3900000000000
CT3957008000000,"North Royalton, OH",ST3900000000000
CT3961000000000,"Parma, OH",ST3900000000000
CT3966390000000,"Reynoldsburg, OH",ST3900000000000
CT3967468000000,"Riverside, OH",ST3900000000000
CT3970380000000,"Sandusky, OH",ST3900000000000
CT3971682000000,"Shaker Heights, OH",ST3900000000000
CT3973264000000,"South Euclid, OH",ST3900000000000
CT3974118000000,"Springfield, OH",ST3900000000000
CT3974944000000,"Stow, OH",ST3900000000000
CT3975098000000,"Strongsville, OH",ST3900000000000
CT3977000000000,"Toledo, OH",ST3900000000000
CT3977504000000,"Trotwood, OH",ST3900000000000
CT3977588000000,"Troy, OH",ST3900000000000
CT3979002000000,"Upper Arlington, OH",ST3900000000000
CT3980892000000,"Warren, OH",ST3900000000000
CT3983342000000,"Westerville, OH",ST3900000000000
CT3983622000000,"Westlake, OH",ST3900000000000
CT3986548000000,"Wooster, OH",ST3900000000000
CT3986772000000,"Xenia, OH",ST3900000000000
CT3988000000000,"Youngstown, OH",ST3900000000000
CT3988084000000,"Zanesville, OH",ST3900000000000
CT4002600000000,"Ardmore, OK",ST4000000000000
CT4004450000000,"Bartlesville, OK",ST4000000000000
CT4006400000000,"Bixby, OK",ST4000000000000
CT4009050000000,"Broken Arrow, OK",ST4000000000000
CT4019900000000,"Del City, OK",ST4000000000000
CT4023200000000,"Edmond, OK",ST4000000000000
CT4023950000000,"Enid, OK",ST4000000000000
CT4041850000000,"Lawton, OK",ST4000000000000
CT4048350000000,"Midwest City, OK",ST4000000000000
CT4049200000000,"Moore, OK",ST4000000000000
CT4050050000000,"Muskogee, OK",ST4000000000000
CT4052500000000,"Norman, OK",ST4000000000000
CT4055000000000,"Oklahoma City, OK",ST4000000000000
CT4056650000000,"Owasso, OK",ST4000000000000
CT4059850000000,"Ponca City, OK",ST4000000000000
CT4066800000000,"Shawnee, OK",ST4000000000000
CT4070300000000,"Stillwater, OK",ST4000000000000
CT4075000000000,"Tulsa, OK",ST4000000000000
CT4082950000000,"Yukon, OK",ST4000000000000
CT4101000000000,"Albany, OR",ST4100000000000
CT4105350000000,"Beaverton, OR",ST4100000000000
CT4105800000000,"Bend, OR",ST4100000000000
CT4115800000000,"Corvallis, OR",ST4100000000000
CT4123850000000,"Eugene, OR",ST4100000000000
CT4130550000000,"Grants Pass, OR",ST4100000000000
CT4131250000000,"Gresham, OR",ST4100000000000
CT4134100000000,"Hillsboro, OR",ST4100000000000
CT4138500000000,"Keizer, OR",ST4100000000000
CT4140550000000,"Lake Oswego, OR",ST4100000000000
CT4145000000000,"McMinnville, OR",ST4100000000000
CT4147000000000,"Medford, OR",ST4100000000000
CT4155200000000,"Oregon City, OR",ST4100000000000
CT4159000000000,"Portland, OR",ST4100000000000
CT4161200000000,"Redmond, OR",ST4100000000000
CT4164900000000,"Salem, OR",ST4100000000000
CT4169600000000,"Springfield, OR",ST4100000000000
CT4173650000000,"Tigard, OR",ST4100000000000
CT4174950000000,"Tualatin, OR",ST4100000000000
CT4180150000000,"West Linn, OR",ST4100000000000
CT4183750000000,"Woodburn, OR",ST4100000000000
CS4200156000000,"Abingtonship, PA",ST4200000000000
CS4205616000000,"Bensalemship, PA",ST4200000000000
CS4208768000000,"Bristolship, PA",ST4200000000000
CS4212968000000,"Cheltenhamship, PA",ST4200000000000
CS4216920000000,"Cranberryship (Butler County), PA",ST4200000000000
CS4218936000000,"Derryship (Dauphin County), PA",ST4200000000000
CS4224384000000,"Exetership (Berks County), PA",ST4200000000000
CS4225112000000,"Fallsship (Bucks County), PA",ST4200000000000
CS4232296000000,"Hampdenship, PA",ST4200000000000
CS4233144000000,"Haverfordship, PA",ST4200000000000
CS4233792000000,"Hempfieldship (Westmoreland County), PA",ST4200000000000
CS4235808000000,"Horshamship, PA",ST4200000000000
CS4244952000000,"Lower Macungieship, PA",ST4200000000000
CS4244968000000,"Lower Makefieldship, PA",ST4200000000000
CS4244976000000,"Lower Merionship, PA",ST4200000000000
CS4245056000000,"Lower Paxtonship, PA",ST4200000000000
CS4245080000000,"Lower Providenceship, PA",ST4200000000000
CS4245900000000,"McCandlessship, PA",ST4200000000000
CS4246896000000,"Manheimship (Lancaster County), PA",ST4200000000000
CS4249120000000,"Middletownship (Bucks County), PA",ST4200000000000
CS4249548000000,"Millcreekship (Erie County), PA",ST4200000000000
CS4250640000000,"Montgomeryship (Montgomery County), PA",ST4200000000000
CS4250784000000,"Moonship, PA",ST4200000000000
CS4251696000000,"Mount Lebanonship, PA",ST4200000000000
CS4254688000000,"Northamptonship (Bucks County), PA",ST4200000000000
CS4255128000000,"North Huntingdonship, PA",ST4200000000000
CS4259032000000,"Penn Hillsship, PA",ST4200000000000
CS4263264000000,"Radnorship, PA",ST4200000000000
CS4264800000000,"Ridleyship, PA",ST4200000000000
CS4266264000000,"Rossship (Allegheny County), PA",ST4200000000000
CS4269584000000,"Shalership, PA",ST4200000000000
CS4272824000000,"Springship (Berks County), PA",ST4200000000000
CS4272992000000,"Springettsburyship, PA",ST4200000000000
CS4275528000000,"Susquehannaship (Dauphin County), PA",ST4200000000000
CS4277344000000,"Tredyffrinship, PA",ST4200000000000
CS4279000000000,"Upper Darbyship, PA",ST4200000000000
CS4279008000000,"Upper Dublinship, PA",ST4200000000000
CS4279136000000,"Upper Merionship, PA",ST4200000000000
CS4279176000000,"Upper Morelandship, PA",ST4200000000000
CS4280952000000,"Warminstership, PA",ST4200000000000
CS4284528000000,"Whitehallship, PA",ST4200000000000
CS4287056000000,"Yorkship, PA",ST4200000000000
CT4202000000000,"Allentown, PA",ST4200000000000
CT4202184000000,"Altoona, PA",ST4200000000000
CT4206064000000,"Bethel Park municipality, PA",ST4200000000000
CT4206088000000,"Bethlehem, PA",ST4200000000000
CT4213208000000,"Chester, PA",ST4200000000000
CT4221648000000,"Easton, PA",ST4200000000000
CT4224000000000,"Erie, PA",ST4200000000000
CT4232800000000,"Harrisburg, PA",ST4200000000000
CT4233408000000,"Hazleton, PA",ST4200000000000
CT4238288000000,"Johnstown, PA",ST4200000000000
CT4241216000000,"Lancaster, PA",ST4200000000000
CT4242168000000,"Lebanon, PA",ST4200000000000
CT4250528000000,"Monroeville municipality, PA",ST4200000000000
CT4253368000000,"New Castle, PA",ST4200000000000
CT4254656000000,"Norristown borough, PA",ST4200000000000
CT4260000000000,"Philadelphia, PA",ST4200000000000
CT4261000000000,"Pittsburgh, PA",ST4200000000000
CT4261536000000,"Plum borough, PA",ST4200000000000
CT4263624000000,"Reading, PA",ST4200000000000
CT4269000000000,"Scranton, PA",ST4200000000000
CT4273808000000,"State College borough, PA",ST4200000000000
CT4283512000000,"West Mifflin borough, PA",ST4200000000000
CT4285152000000,"Wilkes-Barre, PA",ST4200000000000
CT4285312000000,"Williamsport, PA",ST4200000000000
CT4287048000000,"York, PA",ST4200000000000
CS4418640000000,"Coventry, RI",ST4400000000000
CS4420080000000,"Cumberland, RI",ST4400000000000
CS4437720000000,"Johnston, RI",ST4400000000000
CS4451580000000,"North Kingstown, RI",ST4400000000000
CS4451760000000,"North Providence, RI",ST4400000000000
CS4467460000000,"South Kingstown, RI",ST4400000000000
CS4478440000000,"West Warwick, RI",ST4400000000000
CT4419180000000,"Cranston, RI",ST4400000000000
CT4422960000000,"East Providence, RI",ST4400000000000
CT4454640000000,"Pawtucket, RI",ST4400000000000
CT4459000000000,"Providence, RI",ST4400000000000
CT4474300000000,"Warwick, RI",ST4400000000000
CT4480780000000,"Woonsocket, RI",ST4400000000000
CT4500550000000,"Aiken, SC",ST4500000000000
CT4501360000000,"Anderson, SC",ST4500000000000
CT4513330000000,"Charleston, SC",ST4500000000000
CT4516000000000,"Columbia, SC",ST4500000000000
CT4525810000000,"Florence, SC",ST4500000000000
CT4529815000000,"Goose Creek, SC",ST4500000000000
CT4530850000000,"Greenville, SC",ST4500000000000
CT4530985000000,"Greer, SC",ST4500000000000
CT4534045000000,"Hilton Head Island, SC",ST4500000000000
CT4545115000000,"Mauldin, SC",ST4500000000000
CT4548535000000,"Mount Pleasant, SC",ST4500000000000
CT4549075000000,"Myrtle Beach, SC",ST4500000000000
CT4550875000000,"North Charleston, SC",ST4500000000000
CT4561405000000,"Rock Hill, SC",ST4500000000000
CT4568290000000,"Spartanburg, SC",ST4500000000000
CT4570270000000,"Summerville, SC",ST4500000000000
CT4570405000000,"Sumter, SC",ST4500000000000
CT4600100000000,"Aberdeen, SD",ST4600000000000
CT4652980000000,"Rapid City, SD",ST4600000000000
CT4659020000000,"Sioux Falls, SD",ST4600000000000
CT4703440000000,"Bartlett, TN",ST4700000000000
CT4708280000000,"Brentwood, TN",ST4700000000000
CT4708540000000,"Bristol, TN",ST4700000000000
CT4714000000000,"Chattanooga, TN",ST4700000000000
CT4715160000000,"Clarksville, TN",ST4700000000000
CT4715400000000,"Cleveland, TN",ST4700000000000
CT4716420000000,"Collierville, TN",ST4700000000000
CT4716540000000,"Columbia, TN",ST4700000000000
CT4716920000000,"Cookeville, TN",ST4700000000000
CT4727740000000,"Franklin, TN",ST4700000000000
CT4728540000000,"Gallatin, TN",ST4700000000000
CT4728960000000,"Germantown, TN",ST4700000000000
CT4733280000000,"Hendersonville, TN",ST4700000000000
CT4737640000000,"Jackson, TN",ST4700000000000
CT4738320000000,"Johnson City, TN",ST4700000000000
CT4739560000000,"Kingsport, TN",ST4700000000000
CT4740000000000,"Knoxville, TN",ST4700000000000
CT4741200000000,"La Vergne, TN",ST4700000000000
CT4741520000000,"Lebanon, TN",ST4700000000000
CT4746380000000,"Maryville, TN",ST4700000000000
CT4748000000000,"Memphis, TN",ST4700000000000
CT4750280000000,"Morristown, TN",ST4700000000000
CT4750780000000,"Mount Juliet, TN",ST4700000000000
CT4751560000000,"Murfreesboro, TN",ST4700000000000
CT4752004000000,"Nashville-Davidson, TN",ST4700000000000
CT4755120000000,"Oak Ridge, TN",ST4700000000000
CT4769420000000,"Smyrna, TN",ST4700000000000
CT4770580000000,"Spring Hill, TN",ST4700000000000
CT4801000000000,"Abilene, TX",ST4800000000000
CT4801924000000,"Allen, TX",ST4800000000000
CT4802272000000,"Alvin, TX",ST4800000000000
CT4803000000000,"Amarillo, TX",ST4800000000000
CT4804000000000,"Arlington, TX",ST4800000000000
CT4805000000000,"Austin, TX",ST4800000000000
CT4805372000000,"Balch Springs, TX",ST4800000000000
CT4806128000000,"Baytown, TX",ST4800000000000
CT4807000000000,"Beaumont, TX",ST4800000000000
CT4807132000000,"Bedford, TX",ST4800000000000
CT4808236000000,"Big Spring, TX",ST4800000000000
CT4810768000000,"Brownsville, TX",ST4800000000000
CT4810912000000,"Bryan, TX",ST4800000000000
CT4811428000000,"Burleson, TX",ST4800000000000
CT4813024000000,"Carrollton, TX",ST4800000000000
CT4813492000000,"Cedar Hill, TX",ST4800000000000
CT4813552000000,"Cedar Park, TX",ST4800000000000
CT4814920000000,"Cibolo, TX",ST4800000000000
CT4815364000000,"Cleburne, TX",ST4800000000000
CT4815976000000,"College Station, TX",ST4800000000000
CT4815988000000,"Colleyville, TX",ST4800000000000
CT4816432000000,"Conroe, TX",ST4800000000000
CT4816612000000,"Coppell, TX",ST4800000000000
CT4816624000000,"Copperas Cove, TX",ST4800000000000
CT4817000000000,"Corpus Christi, TX",ST4800000000000
CT4817060000000,"Corsicana, TX",ST4800000000000
CT4819000000000,"Dallas, TX",ST4800000000000
CT4819624000000,"Deer Park, TX",ST4800000000000
CT4819792000000,"Del Rio, TX",ST4800000000000
CT4819972000000,"Denton, TX",ST4800000000000
CT4820092000000,"DeSoto, TX",ST4800000000000
CT4821628000000,"Duncanville, TX",ST4800000000000
CT4821892000000,"Eagle Pass, TX",ST4800000000000
CT4822660000000,"Edinburg, TX",ST4800000000000
CT4824000000000,"El Paso, TX",ST4800000000000
CT4824768000000,"Euless, TX",ST4800000000000
CT4825452000000,"Farmers Branch, TX",ST4800000000000
CT4826232000000,"Flower Mound, TX",ST4800000000000
CT4827000000000,"Fort Worth, TX",ST4800000000000
CT4827648000000,"Friendswood, TX",ST4800000000000
CT4827684000000,"Frisco, TX",ST4800000000000
CT4828068000000,"Galveston, TX",ST4800000000000
CT4829000000000,"Garland, TX",ST4800000000000
CT4829336000000,"Georgetown, TX",ST4800000000000
CT4830464000000,"Grand Prairie, TX",ST4800000000000
CT4830644000000,"Grapevine, TX",ST4800000000000
CT4830920000000,"Greenville, TX",ST4800000000000
CT4831928000000,"Haltom City, TX",ST4800000000000
CT4832312000000,"Harker Heights, TX",ST4800000000000
CT4832372000000,"Harlingen, TX",ST4800000000000
CT4835000000000,"Houston, TX",ST4800000000000
CT4835528000000,"Huntsville, TX",ST4800000000000
CT4835576000000,"Hurst, TX",ST4800000000000
CT4835624000000,"Hutto, TX",ST4800000000000
CT4837000000000,"Irving, TX",ST4800000000000
CT4838632000000,"Keller, TX",ST4800000000000
CT4839148000000,"Killeen, TX",ST4800000000000
CT4839352000000,"Kingsville, TX",ST4800000000000
CT4839952000000,"Kyle, TX",ST4800000000000
CT4840588000000,"Lake Jackson, TX",ST4800000000000
CT4841212000000,"Lancaster, TX",ST4800000000000
CT4841440000000,"La Porte, TX",ST4800000000000
CT4841464000000,"Laredo, TX",ST4800000000000
CT4841980000000,"League City, TX",ST4800000000000
CT4842016000000,"Leander, TX",ST4800000000000
CT4842508000000,"Lewisville, TX",ST4800000000000
CT4843012000000,"Little Elm, TX",ST4800000000000
CT4843888000000,"Longview, TX",ST4800000000000
CT4845000000000,"Lubbock, TX",ST4800000000000
CT4845072000000,"Lufkin, TX",ST4800000000000
CT4845384000000,"McAllen, TX",ST4800000000000
CT4845744000000,"McKinney, TX",ST4800000000000
CT4846452000000,"Mansfield, TX",ST4800000000000
CT4847892000000,"Mesquite, TX",ST4800000000000
CT4848072000000,"Midland, TX",ST4800000000000
CT4848096000000,"Midlothian, TX",ST4800000000000
CT4848768000000,"Mission, TX",ST4800000000000
CT4848804000000,"Missouri City, TX",ST4800000000000
CT4850256000000,"Nacogdoches, TX",ST4800000000000
CT4850820000000,"New Braunfels, TX",ST4800000000000
CT4852356000000,"North Richland Hills, TX",ST4800000000000
CT4853388000000,"Odessa, TX",ST4800000000000
CT4855080000000,"Paris, TX",ST4800000000000
CT4856000000000,"Pasadena, TX",ST4800000000000
CT4856348000000,"Pearland, TX",ST4800000000000
CT4857176000000,"Pflugerville, TX",ST4800000000000
CT4857200000000,"Pharr, TX",ST4800000000000
CT4858016000000,"Plano, TX",ST4800000000000
CT4858820000000,"Port Arthur, TX",ST4800000000000
CT4861796000000,"Richardson, TX",ST4800000000000
CT4862828000000,"Rockwall, TX",ST4800000000000
CT4863284000000,"Rosenberg, TX",ST4800000000000
CT4863500000000,"Round Rock, TX",ST4800000000000
CT4863572000000,"Rowlett, TX",ST4800000000000
CT4864064000000,"Sachse, TX",ST4800000000000
CT4864472000000,"San Angelo, TX",ST4800000000000
CT4865000000000,"San Antonio, TX",ST4800000000000
CT4865036000000,"San Benito, TX",ST4800000000000
CT4865516000000,"San Juan, TX",ST4800000000000
CT4865600000000,"San Marcos, TX",ST4800000000000
CT4866128000000,"Schertz, TX",ST4800000000000
CT4866644000000,"Seguin, TX",ST4800000000000
CT4867496000000,"Sherman, TX",ST4800000000000
CT4868636000000,"Socorro, TX",ST4800000000000
CT4869032000000,"Southlake, TX",ST4800000000000
CT4870808000000,"Sugar Land, TX",ST4800000000000
CT4872176000000,"Temple, TX",ST4800000000000
CT4872368000000,"Texarkana, TX",ST4800000000000
CT4872392000000,"Texas City, TX",ST4800000000000
CT4872530000000,"The Colony, TX",ST4800000000000
CT4874144000000,"Tyler, TX",ST4800000000000
CT4874492000000,"University Park, TX",ST4800000000000
CT4875428000000,"Victoria, TX",ST4800000000000
CT4876000000000,"Waco, TX",ST4800000000000
CT4876816000000,"Waxahachie, TX",ST4800000000000
CT4876864000000,"Weatherford, TX",ST4800000000000
CT4877272000000,"Weslaco, TX",ST4800000000000
CT4879000000000,"Wichita Falls, TX",ST4800000000000
CT4880356000000,"Wylie, TX",ST4800000000000
CT4901310000000,"American Fork, UT",ST4900000000000
CT4907690000000,"Bountiful, UT",ST4900000000000
CT4911320000000,"Cedar City, UT",ST4900000000000
CT4913850000000,"Clearfield, UT",ST4900000000000
CT4916270000000,"Cottonwood Heights, UT",ST4900000000000
CT4920120000000,"Draper, UT",ST4900000000000
CT4920810000000,"Eagle Mountain, UT",ST4900000000000
CT4934970000000,"Herriman, UT",ST4900000000000
CT4936070000000,"Holladay, UT",ST4900000000000
CT4940360000000,"Kaysville, UT",ST4900000000000
CT4943660000000,"Layton, UT",ST4900000000000
CT4944320000000,"Lehi, UT",ST4900000000000
CT4945860000000,"Logan, UT",ST4900000000000
CT4949710000000,"Midvale, UT",ST4900000000000
CT4950150000000,"Millcreek, UT",ST4900000000000
CT4953230000000,"Murray, UT",ST4900000000000
CT4955980000000,"Ogden, UT",ST4900000000000
CT4957300000000,"Orem, UT",ST4900000000000
CT4960930000000,"Pleasant Grove, UT",ST4900000000000
CT4962470000000,"Provo, UT",ST4900000000000
CT4964340000000,"Riverton, UT",ST4900000000000
CT4965110000000,"Roy, UT",ST4900000000000
CT4965330000000,"St. George, UT",ST4900000000000
CT4967000000000,"Salt Lake City, UT",ST4900000000000
CT4967440000000,"Sandy, UT",ST4900000000000
CT4967825000000,"Saratoga Springs, UT",ST4900000000000
CT4970850000000,"South Jordan, UT",ST4900000000000
CT4971290000000,"Spanish Fork, UT",ST4900000000000
CT4972280000000,"Springville, UT",ST4900000000000
CT4974810000000,"Syracuse, UT",ST4900000000000
CT4975360000000,"Taylorsville, UT",ST4900000000000
CT4976680000000,"Tooele, UT",ST4900000000000
CT4981960000000,"Washington, UT",ST4900000000000
CT4982950000000,"West Jordan, UT",ST4900000000000
CT4983470000000,"West Valley City, UT",ST4900000000000
CT5010675000000,"Burlington, VT",ST5000000000000
CT5101000000000,"Alexandria, VA",ST5100000000000
CT5107784000000,"Blacksburg, VA",ST5100000000000
CT5109816000000,"Bristol, VA",ST5100000000000
CT5111032000000,"Buena Vista, VA",ST5100000000000
CT5114968000000,"Charlottesville, VA",ST5100000000000
CT5116000000000,"Chesapeake, VA",ST5100000000000
CT5118448000000,"Colonial Heights, VA",ST5100000000000
CT5119728000000,"Covington, VA",ST5100000000000
CT5121344000000,"Danville, VA",ST5100000000000
CT5125808000000,"Emporia, VA",ST5100000000000
CT5126496000000,"Fairfax, VA",ST5100000000000
CT5127200000000,"Falls Church, VA",ST5100000000000
CT5129600000000,"Franklin, VA",ST5100000000000
CT5129744000000,"Fredericksburg, VA",ST5100000000000
CT5130208000000,"Galax, VA",ST5100000000000
CT5135000000000,"Hampton, VA",ST5100000000000
CT5135624000000,"Harrisonburg, VA",ST5100000000000
CT5138424000000,"Hopewell, VA",ST5100000000000
CT5144984000000,"Leesburg, VA",ST5100000000000
CT5145512000000,"Lexington, VA",ST5100000000000
CT5147672000000,"Lynchburg, VA",ST5100000000000
CT5148952000000,"Manassas, VA",ST5100000000000
CT5148968000000,"Manassas Park, VA",ST5100000000000
CT5149784000000,"Martinsville, VA",ST5100000000000
CT5156000000000,"Newport News, VA",ST5100000000000
CT5157000000000,"Norfolk, VA",ST5100000000000
CT5157688000000,"Norton, VA",ST5100000000000
CT5161832000000,"Petersburg, VA",ST5100000000000
CT5163768000000,"Poquoson, VA",ST5100000000000
CT5164000000000,"Portsmouth, VA",ST5100000000000
CT5165392000000,"Radford, VA",ST5100000000000
CT5167000000000,"Richmond, VA",ST5100000000000
CT5168000000000,"Roanoke, VA",ST5100000000000
CT5170000000000,"Salem, VA",ST5100000000000
CT5175216000000,"Staunton, VA",ST5100000000000
CT5176432000000,"Suffolk, VA",ST5100000000000
CT5182000000000,"Virginia Beach, VA",ST5100000000000
CT5183680000000,"Waynesboro, VA",ST5100000000000
CT5186160000000,"Williamsburg, VA",ST5100000000000
CT5186720000000,"Winchester, VA",ST5100000000000
CT5303180000000,"Auburn, WA",ST5300000000000
CT5305210000000,"Bellevue, WA",ST5300000000000
CT5305280000000,"Bellingham, WA",ST5300000000000
CT5307380000000,"Bothell, WA",ST5300000000000
CT5307695000000,"Bremerton, WA",ST5300000000000
CT5308850000000,"Burien, WA",ST5300000000000
CT5317635000000,"Des Moines, WA",ST5300000000000
CT5320750000000,"Edmonds, WA",ST5300000000000
CT5322640000000,"Everett, WA",ST5300000000000
CT5323515000000,"Federal Way, WA",ST5300000000000
CT5333805000000,"Issaquah, WA",ST5300000000000
CT5335275000000,"Kennewick, WA",ST5300000000000
CT5335415000000,"Kent, WA",ST5300000000000
CT5335940000000,"Kirkland, WA",ST5300000000000
CT5336745000000,"Lacey, WA",ST5300000000000
CT5337900000000,"Lake Stevens, WA",ST5300000000000
CT5338038000000,"Lakewood, WA",ST5300000000000
CT5340245000000,"Longview, WA",ST5300000000000
CT5340840000000,"Lynnwood, WA",ST5300000000000
CT5343150000000,"Maple Valley, WA",ST5300000000000
CT5343955000000,"Marysville, WA",ST5300000000000
CT5345005000000,"Mercer Island, WA",ST5300000000000
CT5347560000000,"Mount Vernon, WA",ST5300000000000
CT5351300000000,"Olympia, WA",ST5300000000000
CT5353545000000,"Pasco, WA",ST5300000000000
CT5356625000000,"Pullman, WA",ST5300000000000
CT5356695000000,"Puyallup, WA",ST5300000000000
CT5357535000000,"Redmond, WA",ST5300000000000
CT5357745000000,"Renton, WA",ST5300000000000
CT5358235000000,"Richland, WA",ST5300000000000
CT5361115000000,"Sammamish, WA",ST5300000000000
CT5362288000000,"SeaTac, WA",ST5300000000000
CT5363000000000,"Seattle, WA",ST5300000000000
CT5363960000000,"Shoreline, WA",ST5300000000000
CT5367000000000,"Spokane, WA",ST5300000000000
CT5367167000000,"Spokane Valley, WA",ST5300000000000
CT5370000000000,"Tacoma, WA",ST5300000000000
CT5373465000000,"University Place, WA",ST5300000000000
CT5374060000000,"Vancouver, WA",ST5300000000000
CT5375775000000,"Walla Walla, WA",ST5300000000000
CT5377105000000,"Wenatchee, WA",ST5300000000000
CT5380010000000,"Yakima, WA",ST5300000000000
CT5414600000000,"Charleston, WV",ST5400000000000
CT5439460000000,"Huntington, WV",ST5400000000000
CT5455756000000,"Morgantown, WV",ST5400000000000
CT5462140000000,"Parkersburg, WV",ST5400000000000
CT5486452000000,"Wheeling, WV",ST5400000000000
CT5502375000000,"Appleton, WI",ST5500000000000
CT5506500000000,"Beloit, WI",ST5500000000000
CT5510025000000,"Brookfield, WI",ST5500000000000
CT5511950000000,"Caledonia, WI",ST5500000000000
CT5519775000000,"De Pere, WI",ST5500000000000
CT5522300000000,"Eau Claire, WI",ST5500000000000
CT5525950000000,"Fitchburg, WI",ST5500000000000
CT5526275000000,"Fond du Lac, WI",ST5500000000000
CT5527300000000,"Franklin, WI",ST5500000000000
CT5531000000000,"Green Bay, WI",ST5500000000000
CT5531175000000,"Greenfield, WI",ST5500000000000
CT5537825000000,"Janesville, WI",ST5500000000000
CT5539225000000,"Kenosha, WI",ST5500000000000
CT5540775000000,"La Crosse, WI",ST5500000000000
CT5548000000000,"Madison, WI",ST5500000000000
CT5548500000000,"Manitowoc, WI",ST5500000000000
CT5551000000000,"Menomonee Falls, WI",ST5500000000000
CT5553000000000,"Milwaukee, WI",ST5500000000000
CT5554875000000,"Mount Pleasant, WI",ST5500000000000
CT5555750000000,"Neenah, WI",ST5500000000000
CT5556375000000,"New Berlin, WI",ST5500000000000
CT5558800000000,"Oak Creek, WI",ST5500000000000
CT5560500000000,"Oshkosh, WI",ST5500000000000
CT5566000000000,"Racine, WI",ST5500000000000
CT5572975000000,"Sheboygan, WI",ST5500000000000
CT5577200000000,"Stevens Point, WI",ST5500000000000
CT5578600000000,"Sun Prairie, WI",ST5500000000000
CT5578650000000,"Superior, WI",ST5500000000000
CT5584250000000,"Waukesha, WI",ST5500000000000
CT5584475000000,"Wausau, WI",ST5500000000000
CT5584675000000,"Wauwatosa, WI",ST5500000000000
CT5585300000000,"West Allis, WI",ST5500000000000
CT5585350000000,"West Bend, WI",ST5500000000000
CT5613150000000,"Casper, WY",ST5600000000000
CT5613900000000,"Cheyenne, WY",ST5600000000000
CT5631855000000,"Gillette, WY",ST5600000000000
CT5645050000000,"Laramie, WY",ST5600000000000
